,id,hours,start,finish,rest,rosDay,rosLine
0,OFF,,,,False,1,1
0,OFF,,,,False,2,1
0,SPER109,5:50,06:59:00,12:49:00,False,3,1
0,SPEX112,6:04,06:00:00,12:04:00,True,4,1
0,SPE130,6:46,04:59:00,11:45:00,False,5,1
0,SPE130,6:46,04:59:00,11:45:00,False,6,1
0,SPE187,6:06,06:24:00,12:30:00,False,7,1
0,SPE103,6:00,06:24:00,12:24:00,False,8,1
0,SPE145,9:32,06:31:00,16:03:00,False,9,1
0,OFF,,,,False,10,1
0,OFF,,,,False,11,1
0,SPE160,8:51,13:30:00,22:21:00,False,12,1
0,SPE160,8:51,13:30:00,22:21:00,False,13,1
0,SPE203,7:28,13:50:00,21:18:00,False,14,1
0,SPE120,:39,14:42:00,22:21:00,False,15,1
0,SPE162,7:31,14:22:00,21:53:00,False,16,1
0,SPE166,7:59,15:21:00,23:20:00,False,17,1
0,SPE166,7:59,15:21:00,23:20:00,False,18,1
0,EDO,,,,False,19,1
0,OFF,,,,False,20,1
0,OFF,,,,False,21,1
0,OFF,,,,False,22,1
0,SPE142,7:14,06:19:00,13:33:00,False,23,1
0,SPE142,7:14,06:19:00,13:33:00,False,24,1
0,SPE141,8:06,06:07:00,14:13:00,False,25,1
0,SPE141,8:06,06:07:00,14:13:00,False,26,1
0,SPE134,6:47,05:31:00,12:18:00,False,27,1
0,OFF,,,,False,28,1
0,OFF,,,,False,1,2
0,SPER110,5:47,17:28:00,23:15:00,False,2,2
0,SPEX114,6:32,13:05:00,19:37:00,True,3,2
0,SPE151,7:13,11:56:00,19:09:00,False,4,2
0,SPE151,7:13,11:56:00,19:09:00,False,5,2
0,OFF,,,,False,6,2
0,SPE203,7:28,13:50:00,21:18:00,False,7,2
0,SPE117,6:00,13:30:00,19:30:00,False,8,2
0,SPE160,8:51,13:30:00,22:21:00,False,9,2
0,SPE160,8:51,13:30:00,22:21:00,False,10,2
0,SPE159,6:19,13:22:00,19:41:00,False,11,2
0,SPE159,6:19,13:22:00,19:41:00,False,12,2
0,OFF,,,,False,13,2
0,OFF,,,,False,14,2
0,OFF,,,,False,15,2
0,OFF,,,,False,16,2
0,EDO,,,,False,17,2
0,SPE130,6:46,04:59:00,11:45:00,False,18,2
0,SPE130,6:46,04:59:00,11:45:00,False,19,2
0,SPE130,6:46,04:59:00,11:45:00,False,20,2
0,SPE187,6:06,06:24:00,12:30:00,False,21,2
0,SPE103,6:00,06:24:00,12:24:00,False,22,2
0,OFF,,,,False,23,2
0,OFF,,,,False,24,2
0,SPE148,9:23,11:24:00,20:47:00,False,25,2
0,SPE169,6:01,15:32:00,21:33:00,False,26,2
0,SPE168,8:25,15:28:00,23:53:00,False,27,2
0,SPE205,8:38,15:32:00,00:10:00,False,28,2
0,SPER103,5:44,18:02:00,23:46:00,False,1,3
0,SPEX114,6:32,13:05:00,19:37:00,True,2,3
0,OFF,,,,False,3,3
0,SPE154,8:18,12:39:00,20:57:00,False,4,3
0,SPE154,8:18,12:39:00,20:57:00,False,5,3
0,SPE154,8:18,12:39:00,20:57:00,False,6,3
0,OFF,,,,False,7,3
0,OFF,,,,False,8,3
0,SPE174,7:48,16:15:00,00:03:00,False,9,3
0,SPE174,7:48,16:15:00,00:03:00,False,10,3
0,SPE174,7:48,16:15:00,00:03:00,False,11,3
0,SPE177,6:06,16:23:00,22:29:00,False,12,3
0,SPE177,6:06,16:23:00,22:29:00,False,13,3
0,OFF,,,,False,14,3
0,OFF,,,,False,15,3
0,EDO,,,,False,16,3
0,OFF,,,,False,17,3
0,SPE131,7:48,05:09:00,12:57:00,False,18,3
0,SPE131,7:48,05:09:00,12:57:00,False,19,3
0,SPE131,7:48,05:09:00,12:57:00,False,20,3
0,SPE188,6:30,06:28:00,12:58:00,False,21,3
0,SPE107,6:58,07:20:00,14:18:00,False,22,3
0,SPE141,8:06,06:07:00,14:13:00,False,23,3
0,SPE141,8:06,06:07:00,14:13:00,False,24,3
0,OFF,,,,False,25,3
0,OFF,,,,False,26,3
0,SPE143,9:08,06:21:00,15:29:00,False,27,3
0,SPER115,5:50,06:59:00,12:49:00,False,28,3
0,SPEX104,6:06,06:00:00,12:06:00,True,1,4
0,OFF,,,,False,2,4
0,SPE157,6:00,13:15:00,19:15:00,False,3,4
0,SPE157,6:00,13:15:00,19:15:00,False,4,4
0,SPE159,6:19,13:22:00,19:41:00,False,5,4
0,SPE157,6:00,13:15:00,19:15:00,False,6,4
0,OFF,,,,False,7,4
0,OFF,,,,False,8,4
0,SPE158,9:09,13:16:00,22:25:00,False,9,4
0,SPE158,9:09,13:16:00,22:25:00,False,10,4
0,SPE160,8:51,13:30:00,22:21:00,False,11,4
0,OFF,,,,False,12,4
0,SPE174,7:48,16:15:00,00:03:00,False,13,4
0,SPE205,8:38,15:32:00,00:10:00,False,14,4
0,SPE124,:30,16:02:00,00:32:00,False,15,4
0,SPE180,7:42,16:35:00,00:17:00,False,16,4
0,SPE180,7:42,16:35:00,00:17:00,False,17,4
0,SPE177,6:06,16:23:00,22:29:00,False,18,4
0,EDO,,,,False,19,4
0,OFF,,,,False,20,4
0,OFF,,,,False,21,4
0,OFF,,,,False,22,4
0,OFF,,,,False,23,4
0,SPE146,9:38,06:37:00,16:15:00,False,24,4
0,SPE144,7:25,06:26:00,13:51:00,False,25,4
0,SPE144,7:25,06:26:00,13:51:00,False,26,4
0,SPER109,5:50,06:59:00,12:49:00,False,27,4
0,SPEX119,6:06,06:00:00,12:06:00,True,28,4
0,OFF,,,,False,1,5
0,SPE142,7:14,06:19:00,13:33:00,False,2,5
0,SPE142,7:14,06:19:00,13:33:00,False,3,5
0,SPE141,8:06,06:07:00,14:13:00,False,4,5
0,SPE141,8:06,06:07:00,14:13:00,False,5,5
0,SPE146,9:38,06:37:00,16:15:00,False,6,5
0,OFF,,,,False,7,5
0,OFF,,,,False,8,5
0,SPE156,7:38,13:02:00,20:40:00,False,9,5
0,SPE157,6:00,13:15:00,19:15:00,False,10,5
0,SPE157,6:00,13:15:00,19:15:00,False,11,5
0,OFF,,,,False,12,5
0,SPE163,7:02,14:50:00,21:52:00,False,13,5
0,SPE204,6:55,14:50:00,21:45:00,False,14,5
0,SPE121,:55,14:50:00,21:45:00,False,15,5
0,SPE163,7:02,14:50:00,21:52:00,False,16,5
0,SPE163,7:02,14:50:00,21:52:00,False,17,5
0,OFF,,,,False,18,5
0,SPE166,7:59,15:21:00,23:20:00,False,19,5
0,SPE166,7:59,15:21:00,23:20:00,False,20,5
0,OFF,,,,False,21,5
0,OFF,,,,False,22,5
0,EDO,,,,False,23,5
0,SPE181,8:22,17:08:00,01:30:00,False,24,5
0,SPE181,8:22,17:08:00,01:30:00,False,25,5
0,SPER110,5:47,17:28:00,23:15:00,False,26,5
0,SPEX114,6:32,13:05:00,19:37:00,True,27,5
0,OFF,,,,False,28,5
0,OFF,,,,False,1,6
0,SPE138,7:54,05:51:00,13:45:00,False,2,6
0,SPE138,7:54,05:51:00,13:45:00,False,3,6
0,SPE144,7:25,06:26:00,13:51:00,False,4,6
0,OFF,,,,False,5,6
0,SPE145,9:32,06:31:00,16:03:00,False,6,6
0,SPE182,7:18,06:00:00,13:18:00,False,7,6
0,SPE105,8:57,06:44:00,15:41:00,False,8,6
0,OFF,,,,False,9,6
0,OFF,,,,False,10,6
0,SPE135,6:00,05:31:00,11:31:00,False,11,6
0,SPE135,6:00,05:31:00,11:31:00,False,12,6
0,SPE135,6:00,05:31:00,11:31:00,False,13,6
0,SPE191,8:58,06:55:00,15:53:00,False,14,6
0,SPE108,:42,07:40:00,14:22:00,False,15,6
0,SPE146,9:38,06:37:00,16:15:00,False,16,6
0,OFF,,,,False,17,6
0,EDO,,,,False,18,6
0,SPE164,7:27,15:02:00,22:29:00,False,19,6
0,SPE164,7:27,15:02:00,22:29:00,False,20,6
0,OFF,,,,False,21,6
0,OFF,,,,False,22,6
0,SPE178,7:42,16:27:00,01:20:00,False,23,6
0,SPE178,7:42,16:27:00,01:20:00,False,24,6
0,SPER110,5:47,17:28:00,23:15:00,False,25,6
0,SPEX114,6:32,13:05:00,19:37:00,True,26,6
0,SPE155,9:49,12:50:00,22:39:00,False,27,6
0,OFF,,,,False,28,6
0,OFF,,,,False,1,7
0,SPE151,7:13,11:56:00,19:09:00,False,2,7
0,SPE153,8:55,12:32:00,21:27:00,False,3,7
0,SPE153,8:55,12:32:00,21:27:00,False,4,7
0,SPE157,6:00,13:15:00,19:15:00,False,5,7
0,SPE151,7:13,11:56:00,19:09:00,False,6,7
0,OFF,,,,False,7,7
0,OFF,,,,False,8,7
0,SPE180,7:42,16:35:00,00:17:00,False,9,7
0,SPE180,7:42,16:35:00,00:17:00,False,10,7
0,SPE172,7:25,15:56:00,23:21:00,False,11,7
0,OFF,,,,False,12,7
0,SPE167,6:17,15:26:00,21:43:00,False,13,7
0,SPE207,6:00,16:21:00,22:21:00,False,14,7
0,SPE125,:00,16:21:00,22:21:00,False,15,7
0,SPE178,7:42,16:27:00,01:20:00,False,16,7
0,SPE178,7:42,16:27:00,01:20:00,False,17,7
0,SPE176,6:00,16:21:00,22:21:00,False,18,7
0,EDO,,,,False,19,7
0,OFF,,,,False,20,7
0,OFF,,,,False,21,7
0,OFF,,,,False,22,7
0,OFF,,,,False,23,7
0,SPER109,5:50,06:59:00,12:49:00,False,24,7
0,SPEX112,6:04,06:00:00,12:04:00,True,25,7
0,SPE146,9:38,06:37:00,16:15:00,False,26,7
0,SPE146,9:38,06:37:00,16:15:00,False,27,7
0,SPE189,6:00,06:32:00,12:32:00,False,28,7
0,SPE102,6:32,06:19:00,12:51:00,False,1,8
0,SPE128,8:23,04:52:00,13:15:00,False,2,8
0,OFF,,,,False,3,8
0,SPE139,8:01,05:54:00,13:55:00,False,4,8
0,SPE139,8:01,05:54:00,13:55:00,False,5,8
0,SPE138,7:54,05:51:00,13:45:00,False,6,8
0,OFF,,,,False,7,8
0,OFF,,,,False,8,8
0,OFF,,,,False,9,8
0,SPE163,7:02,14:50:00,21:52:00,False,10,8
0,SPE165,6:22,15:21:00,21:43:00,False,11,8
0,SPE167,6:17,15:26:00,21:43:00,False,12,8
0,SPE153,8:55,12:32:00,21:27:00,False,13,8
0,SPE200,6:52,12:32:00,19:24:00,False,14,8
0,SPE116,:00,12:32:00,20:32:00,False,15,8
0,SPE179,7:29,16:30:00,23:59:00,False,16,8
0,EDO,,,,False,17,8
0,OFF,,,,False,18,8
0,SPE151,7:13,11:56:00,19:09:00,False,19,8
0,SPE151,7:13,11:56:00,19:09:00,False,20,8
0,OFF,,,,False,21,8
0,OFF,,,,False,22,8
0,SPER109,5:50,06:59:00,12:49:00,False,23,8
0,SPEX112,6:04,06:00:00,12:04:00,True,24,8
0,SPE143,9:08,06:21:00,15:29:00,False,25,8
0,SPE143,9:08,06:21:00,15:29:00,False,26,8
0,SPE140,6:00,05:57:00,11:57:00,False,27,8
0,OFF,,,,False,28,8
0,OFF,,,,False,1,9
0,SPE139,8:01,05:54:00,13:55:00,False,2,9
0,SPE139,8:01,05:54:00,13:55:00,False,3,9
0,SPE140,6:00,05:57:00,11:57:00,False,4,9
0,SPE140,6:00,05:57:00,11:57:00,False,5,9
0,OFF,,,,False,6,9
0,SPE195,9:40,09:32:00,19:12:00,False,7,9
0,SPE110,7:18,08:35:00,15:53:00,False,8,9
0,SPE150,7:29,11:55:00,19:24:00,False,9,9
0,SPE150,7:29,11:55:00,19:24:00,False,10,9
0,OFF,,,,False,11,9
0,SPE152,7:59,12:22:00,20:21:00,False,12,9
0,SPE152,7:59,12:22:00,20:21:00,False,13,9
0,OFF,,,,False,14,9
0,OFF,,,,False,15,9
0,OFF,,,,False,16,9
0,EDO,,,,False,17,9
0,SPE168,8:25,15:28:00,23:53:00,False,18,9
0,SPE168,8:25,15:28:00,23:53:00,False,19,9
0,SPE168,8:25,15:28:00,23:53:00,False,20,9
0,SPE205,8:38,15:32:00,00:10:00,False,21,9
0,SPER103,5:44,18:02:00,23:46:00,False,22,9
0,SPEX114,6:32,13:05:00,19:37:00,True,23,9
0,OFF,,,,False,24,9
0,SPE152,7:59,12:22:00,20:21:00,False,25,9
0,SPE152,7:59,12:22:00,20:21:00,False,26,9
0,SPE152,7:59,12:22:00,20:21:00,False,27,9
0,OFF,,,,False,28,9
0,OFF,,,,False,1,10
0,SPE156,7:38,13:02:00,20:40:00,False,2,10
0,SPE156,7:38,13:02:00,20:40:00,False,3,10
0,SPE159,6:19,13:22:00,19:41:00,False,4,10
0,OFF,,,,False,5,10
0,SPE159,6:19,13:22:00,19:41:00,False,6,10
0,SPE202,8:49,13:22:00,22:11:00,False,7,10
0,SPE118,8:49,13:32:00,22:21:00,False,8,10
0,SPE159,6:19,13:22:00,19:41:00,False,9,10
0,SPE155,9:49,12:50:00,22:39:00,False,10,10
0,SPE163,7:02,14:50:00,21:52:00,False,11,10
0,SPE163,7:02,14:50:00,21:52:00,False,12,10
0,OFF,,,,False,13,10
0,OFF,,,,False,14,10
0,OFF,,,,False,15,10
0,OFF,,,,False,16,10
0,EDO,,,,False,17,10
0,SPE139,8:01,05:54:00,13:55:00,False,18,10
0,SPE139,8:01,05:54:00,13:55:00,False,19,10
0,SPE138,7:54,05:51:00,13:45:00,False,20,10
0,SPER116,5:55,06:54:00,12:49:00,False,21,10
0,SPEX105,6:06,06:00:00,12:06:00,True,22,10
0,SPE128,8:23,04:52:00,13:15:00,False,23,10
0,OFF,,,,False,24,10
0,SPE126,6:00,04:14:00,10:14:00,False,25,10
0,SPE128,8:23,04:52:00,13:15:00,False,26,10
0,SPE128,8:23,04:52:00,13:15:00,False,27,10
0,OFF,,,,False,28,10
0,OFF,,,,False,1,11
0,SPE164,7:27,15:02:00,22:29:00,False,2,11
0,SPE164,7:27,15:02:00,22:29:00,False,3,11
0,SPE155,9:49,12:50:00,22:39:00,False,4,11
0,OFF,,,,False,5,11
0,SPE160,8:51,13:30:00,22:21:00,False,6,11
0,SPE204,6:55,14:50:00,21:45:00,False,7,11
0,SPE121,6:55,14:50:00,21:45:00,False,8,11
0,SPE163,7:02,14:50:00,21:52:00,False,9,11
0,SPE162,7:31,14:22:00,21:53:00,False,10,11
0,SPE162,7:31,14:22:00,21:53:00,False,11,11
0,SPE157,6:00,13:15:00,19:15:00,False,12,11
0,OFF,,,,False,13,11
0,OFF,,,,False,14,11
0,OFF,,,,False,15,11
0,OFF,,,,False,16,11
0,EDO,,,,False,17,11
0,SPE141,8:06,06:07:00,14:13:00,False,18,11
0,SPE141,8:06,06:07:00,14:13:00,False,19,11
0,SPE141,8:06,06:07:00,14:13:00,False,20,11
0,SPER115,5:50,06:59:00,12:49:00,False,21,11
0,SPEX104,6:06,06:00:00,12:06:00,True,22,11
0,SPE126,6:00,04:14:00,10:14:00,False,23,11
0,SPE126,6:00,04:14:00,10:14:00,False,24,11
0,OFF,,,,False,25,11
0,SPE145,9:32,06:31:00,16:03:00,False,26,11
0,SPE141,8:06,06:07:00,14:13:00,False,27,11
0,OFF,,,,False,28,11
0,OFF,,,,False,1,12
0,SPE162,7:31,14:22:00,21:53:00,False,2,12
0,SPE162,7:31,14:22:00,21:53:00,False,3,12
0,SPE160,8:51,13:30:00,22:21:00,False,4,12
0,SPE160,8:51,13:30:00,22:21:00,False,5,12
0,OFF,,,,False,6,12
0,SPE205,8:38,15:32:00,00:10:00,False,7,12
0,SPE124,8:30,16:02:00,00:32:00,False,8,12
0,SPE167,6:17,15:26:00,21:43:00,False,9,12
0,SPE167,6:17,15:26:00,21:43:00,False,10,12
0,SPE167,6:17,15:26:00,21:43:00,False,11,12
0,SPE165,6:22,15:21:00,21:43:00,False,12,12
0,OFF,,,,False,13,12
0,OFF,,,,False,14,12
0,OFF,,,,False,15,12
0,OFF,,,,False,16,12
0,EDO,,,,False,17,12
0,SPE137,8:34,05:44:00,14:18:00,False,18,12
0,SPE137,8:34,05:44:00,14:18:00,False,19,12
0,SPER108,6:11,06:54:00,13:05:00,False,20,12
0,SPEX120,6:06,06:00:00,12:06:00,True,21,12
0,OFF,,,,False,22,12
0,OFF,,,,False,23,12
0,SPE127,6:06,04:39:00,10:45:00,False,24,12
0,SPE127,6:06,04:39:00,10:45:00,False,25,12
0,SPE129,6:00,04:52:00,10:52:00,False,26,12
0,SPE129,6:00,04:52:00,10:52:00,False,27,12
0,SPE185,9:50,06:14:00,16:04:00,False,28,12
0,SPE107,6:58,07:20:00,14:18:00,False,1,13
0,OFF,,,,False,2,13
0,SPE159,6:19,13:22:00,19:41:00,False,3,13
0,SPE150,7:29,11:55:00,19:24:00,False,4,13
0,SPE150,7:29,11:55:00,19:24:00,False,5,13
0,SPE152,7:59,12:22:00,20:21:00,False,6,13
0,OFF,,,,False,7,13
0,OFF,,,,False,8,13
0,SPE173,8:45,16:12:00,00:57:00,False,9,13
0,SPE173,8:45,16:12:00,00:57:00,False,10,13
0,SPE171,6:34,15:43:00,22:17:00,False,11,13
0,OFF,,,,False,12,13
0,SPE180,7:42,16:35:00,00:17:00,False,13,13
0,SPE209,6:04,16:32:00,22:36:00,False,14,13
0,SPE123,:37,15:56:00,23:33:00,False,15,13
0,SPE158,9:09,13:16:00,22:25:00,False,16,13
0,SPE158,9:09,13:16:00,22:25:00,False,17,13
0,OFF,,,,False,18,13
0,SPER110,5:47,17:28:00,23:15:00,False,19,13
0,SPEX114,6:32,13:05:00,19:37:00,True,20,13
0,OFF,,,,False,21,13
0,OFF,,,,False,22,13
0,SPE149,7:50,11:42:00,19:32:00,False,23,13
0,SPE149,7:50,11:42:00,19:32:00,False,24,13
0,EDO,,,,False,25,13
0,OFF,,,,False,26,13
0,SPE132,7:43,05:14:00,12:57:00,False,27,13
0,SPE184,4:23,06:13:00,10:36:00,False,28,13
0,SPE104,9:09,06:44:00,15:53:00,False,1,14
0,SPE140,6:00,05:57:00,11:57:00,False,2,14
0,SPE140,6:00,05:57:00,11:57:00,False,3,14
0,OFF,,,,False,4,14
0,OFF,,,,False,5,14
0,SPE140,6:00,05:57:00,11:57:00,False,6,14
0,SPE183,9:49,06:09:00,15:58:00,False,7,14
0,SPE100,8:02,06:09:00,14:11:00,False,8,14
0,SPE130,6:46,04:59:00,11:45:00,False,9,14
0,SPE130,6:46,04:59:00,11:45:00,False,10,14
0,SPE129,6:00,04:52:00,10:52:00,False,11,14
0,SPE129,6:00,04:52:00,10:52:00,False,12,14
0,OFF,,,,False,13,14
0,OFF,,,,False,14,14
0,OFF,,,,False,15,14
0,OFF,,,,False,16,14
0,EDO,,,,False,17,14
0,SPER110,5:47,17:28:00,23:15:00,False,18,14
0,SPEX114,6:32,13:05:00,19:37:00,True,19,14
0,SPE160,8:51,13:30:00,22:21:00,False,20,14
0,SPE203,7:28,13:50:00,21:18:00,False,21,14
0,SPE117,6:00,13:30:00,19:30:00,False,22,14
0,SPE160,8:51,13:30:00,22:21:00,False,23,14
0,OFF,,,,False,24,14
0,SPE175,9:16,16:21:00,01:37:00,False,25,14
0,SPE175,9:16,16:21:00,01:37:00,False,26,14
0,SPE167,6:17,15:26:00,21:43:00,False,27,14
0,OFF,,,,False,28,14
0,OFF,,,,False,1,15
0,OFF,,,,False,2,15
0,SPE148,9:23,11:24:00,20:47:00,False,3,15
0,SPE152,7:59,12:22:00,20:21:00,False,4,15
0,SPE152,7:59,12:22:00,20:21:00,False,5,15
0,SPE150,7:29,11:55:00,19:24:00,False,6,15
0,SPE197,6:28,10:50:00,17:18:00,False,7,15
0,OFF,,,,False,8,15
0,SPE147,6:36,06:42:00,13:18:00,False,9,15
0,SPE147,6:36,06:42:00,13:18:00,False,10,15
0,SPE145,9:32,06:31:00,16:03:00,False,11,15
0,OFF,,,,False,12,15
0,SPE134,6:47,05:31:00,12:18:00,False,13,15
0,SPE187,6:06,06:24:00,12:30:00,False,14,15
0,SPE101,:50,06:14:00,16:04:00,False,15,15
0,SPE143,9:08,06:21:00,15:29:00,False,16,15
0,SPER109,5:50,06:59:00,12:49:00,False,17,15
0,SPEX112,6:04,06:00:00,12:04:00,True,18,15
0,SPE146,9:38,06:37:00,16:15:00,False,19,15
0,OFF,,,,False,20,15
0,OFF,,,,False,21,15
0,OFF,,,,False,22,15
0,OFF,,,,False,23,15
0,EDO,,,,False,24,15
0,SPE174,7:48,16:15:00,00:03:00,False,25,15
0,SPE174,7:48,16:15:00,00:03:00,False,26,15
0,SPE174,7:48,16:15:00,00:03:00,False,27,15
0,SPE207,6:00,16:21:00,22:21:00,False,28,15
0,SPE119,8:58,14:32:00,23:30:00,False,1,16
0,SPE166,7:59,15:21:00,23:20:00,False,2,16
0,SPE166,7:59,15:21:00,23:20:00,False,3,16
0,OFF,,,,False,4,16
0,SPE163,7:02,14:50:00,21:52:00,False,5,16
0,SPE163,7:02,14:50:00,21:52:00,False,6,16
0,OFF,,,,False,7,16
0,OFF,,,,False,8,16
0,SPE170,7:58,15:39:00,23:37:00,False,9,16
0,SPE170,7:58,15:39:00,23:37:00,False,10,16
0,SPE176,6:00,16:21:00,22:21:00,False,11,16
0,SPE176,6:00,16:21:00,22:21:00,False,12,16
0,SPE176,6:00,16:21:00,22:21:00,False,13,16
0,OFF,,,,False,14,16
0,OFF,,,,False,15,16
0,SPER109,5:50,06:59:00,12:49:00,False,16,16
0,SPEX112,6:04,06:00:00,12:04:00,True,17,16
0,SPE140,6:00,05:57:00,11:57:00,False,18,16
0,SPE140,6:00,05:57:00,11:57:00,False,19,16
0,SPE146,9:38,06:37:00,16:15:00,False,20,16
0,OFF,,,,False,21,16
0,OFF,,,,False,22,16
0,OFF,,,,False,23,16
0,EDO,,,,False,24,16
0,SPE131,7:48,05:09:00,12:57:00,False,25,16
0,SPE131,7:48,05:09:00,12:57:00,False,26,16
0,SPE131,7:48,05:09:00,12:57:00,False,27,16
0,SPE183,9:49,06:09:00,15:58:00,False,28,16
0,SPE100,8:02,06:09:00,14:11:00,False,1,17
0,SPE144,7:25,06:26:00,13:51:00,False,2,17
0,OFF,,,,False,3,17
0,SPE148,9:23,11:24:00,20:47:00,False,4,17
0,SPE169,6:01,15:32:00,21:33:00,False,5,17
0,SPE161,7:52,13:35:00,21:27:00,False,6,17
0,OFF,,,,False,7,17
0,OFF,,,,False,8,17
0,SPE164,7:27,15:02:00,22:29:00,False,9,17
0,SPE164,7:27,15:02:00,22:29:00,False,10,17
0,OFF,,,,False,11,17
0,SPE171,6:34,15:43:00,22:17:00,False,12,17
0,SPE171,6:34,15:43:00,22:17:00,False,13,17
0,SPE201,6:00,12:58:00,18:58:00,False,14,17
0,SPER102,:54,17:16:00,23:10:00,False,15,17
0,SPEX113,6:00,11:56:00,17:56:00,True,16,17
0,SPE148,9:23,11:24:00,20:47:00,False,17,17
0,SPE153,8:55,12:32:00,21:27:00,False,18,17
0,OFF,,,,False,19,17
0,EDO,,,,False,20,17
0,OFF,,,,False,21,17
0,OFF,,,,False,22,17
0,SPE151,7:13,11:56:00,19:09:00,False,23,17
0,SPE148,9:23,11:24:00,20:47:00,False,24,17
0,OFF,,,,False,25,17
0,SPE150,7:29,11:55:00,19:24:00,False,26,17
0,SPE150,7:29,11:55:00,19:24:00,False,27,17
0,SPE197,6:28,10:50:00,17:18:00,False,28,17
0,SPE115,6:58,12:30:00,19:28:00,False,1,18
0,SPE154,8:18,12:39:00,20:57:00,False,2,18
0,SPE154,8:18,12:39:00,20:57:00,False,3,18
0,OFF,,,,False,4,18
0,SPE164,7:27,15:02:00,22:29:00,False,5,18
0,SPE164,7:27,15:02:00,22:29:00,False,6,18
0,OFF,,,,False,7,18
0,OFF,,,,False,8,18
0,SPE171,6:34,15:43:00,22:17:00,False,9,18
0,SPE171,6:34,15:43:00,22:17:00,False,10,18
0,OFF,,,,False,11,18
0,SPE181,8:22,17:08:00,01:30:00,False,12,18
0,SPE181,8:22,17:08:00,01:30:00,False,13,18
0,SPER117,5:54,17:16:00,23:10:00,False,14,18
0,SPEX106,:20,11:56:00,17:16:00,True,15,18
0,SPE151,7:13,11:56:00,19:09:00,False,16,18
0,OFF,,,,False,17,18
0,OFF,,,,False,18,18
0,EDO,,,,False,19,18
0,SPE147,6:36,06:42:00,13:18:00,False,20,18
0,SPE190,9:50,06:42:00,16:32:00,False,21,18
0,SPE109,6:26,08:32:00,14:58:00,False,22,18
0,SPE146,9:38,06:37:00,16:15:00,False,23,18
0,SPE138,7:54,05:51:00,13:45:00,False,24,18
0,SPE134,6:47,05:31:00,12:18:00,False,25,18
0,SPE134,6:47,05:31:00,12:18:00,False,26,18
0,OFF,,,,False,27,18
0,OFF,,,,False,28,18
0,OFF,,,,False,1,19
0,SPE127,6:06,04:39:00,10:45:00,False,2,19
0,SPE127,6:06,04:39:00,10:45:00,False,3,19
0,SPE127,6:06,04:39:00,10:45:00,False,4,19
0,SPE128,8:23,04:52:00,13:15:00,False,5,19
0,SPE128,8:23,04:52:00,13:15:00,False,6,19
0,OFF,,,,False,7,19
0,OFF,,,,False,8,19
0,OFF,,,,False,9,19
0,EDO,,,,False,10,19
0,SPE158,9:09,13:16:00,22:25:00,False,11,19
0,SPE158,9:09,13:16:00,22:25:00,False,12,19
0,SPE161,7:52,13:35:00,21:27:00,False,13,19
0,SPER118,5:44,18:02:00,23:46:00,False,14,19
0,SPEX107,:42,16:06:00,21:48:00,True,15,19
0,SPE148,9:23,11:24:00,20:47:00,False,16,19
0,OFF,,,,False,17,19
0,SPE163,7:02,14:50:00,21:52:00,False,18,19
0,SPE163,7:02,14:50:00,21:52:00,False,19,19
0,SPE161,7:52,13:35:00,21:27:00,False,20,19
0,OFF,,,,False,21,19
0,OFF,,,,False,22,19
0,SPE159,6:19,13:22:00,19:41:00,False,23,19
0,SPE159,6:19,13:22:00,19:41:00,False,24,19
0,OFF,,,,False,25,19
0,SPE154,8:18,12:39:00,20:57:00,False,26,19
0,SPE154,8:18,12:39:00,20:57:00,False,27,19
0,SPE202,8:49,13:22:00,22:11:00,False,28,19
0,SPE118,8:49,13:32:00,22:21:00,False,1,20
0,SPE159,6:19,13:22:00,19:41:00,False,2,20
0,OFF,,,,False,3,20
0,SPE149,7:50,11:42:00,19:32:00,False,4,20
0,SPE149,7:50,11:42:00,19:32:00,False,5,20
0,SPE148,9:23,11:24:00,20:47:00,False,6,20
0,OFF,,,,False,7,20
0,OFF,,,,False,8,20
0,SPE129,6:00,04:52:00,10:52:00,False,9,20
0,SPE129,6:00,04:52:00,10:52:00,False,10,20
0,OFF,,,,False,11,20
0,SPE145,9:32,06:31:00,16:03:00,False,12,20
0,SPER108,6:11,06:54:00,13:05:00,False,13,20
0,SPEX120,6:06,06:00:00,12:06:00,True,14,20
0,OFF,,,,False,15,20
0,SPE132,7:43,05:14:00,12:57:00,False,16,20
0,SPE132,7:43,05:14:00,12:57:00,False,17,20
0,SPE132,7:43,05:14:00,12:57:00,False,18,20
0,OFF,,,,False,19,20
0,SPE137,8:34,05:44:00,14:18:00,False,20,20
0,SPE193,6:58,07:20:00,14:18:00,False,21,20
0,SPE108,6:42,07:40:00,14:22:00,False,22,20
0,SPE143,9:08,06:21:00,15:29:00,False,23,20
0,SPE143,9:08,06:21:00,15:29:00,False,24,20
0,SPE133,6:00,05:17:00,11:17:00,False,25,20
0,EDO,,,,False,26,20
0,OFF,,,,False,27,20
0,OFF,,,,False,28,20
0,OFF,,,,False,1,21
0,OFF,,,,False,2,21
0,EDO,,,,False,3,21
0,SPE173,8:45,16:12:00,00:57:00,False,4,21
0,SPE173,8:45,16:12:00,00:57:00,False,5,21
0,SPE174,7:48,16:15:00,00:03:00,False,6,21
0,SPE207,6:00,16:21:00,22:21:00,False,7,21
0,SPE125,6:00,16:21:00,22:21:00,False,8,21
0,SPE168,8:25,15:28:00,23:53:00,False,9,21
0,OFF,,,,False,10,21
0,SPE178,7:42,16:27:00,01:20:00,False,11,21
0,SPER110,5:47,17:28:00,23:15:00,False,12,21
0,SPEX114,6:32,13:05:00,19:37:00,True,13,21
0,OFF,,,,False,14,21
0,OFF,,,,False,15,21
0,AV,8:00,11:00:00,19:00:00,False,16,21
0,SPE150,7:29,11:55:00,19:24:00,False,17,21
0,SPE150,7:29,11:55:00,19:24:00,False,18,21
0,OFF,,,,False,19,21
0,SPE148,9:23,11:24:00,20:47:00,False,20,21
0,SPE199,7:24,11:24:00,18:48:00,False,21,21
0,SPE113,6:00,10:32:00,16:32:00,False,22,21
0,SPE152,7:59,12:22:00,20:21:00,False,23,21
0,OFF,,,,False,24,21
0,OFF,,,,False,25,21
0,SPE178,7:42,16:27:00,01:20:00,False,26,21
0,SPE178,7:42,16:27:00,01:20:00,False,27,21
0,SPE208,6:00,16:31:00,22:31:00,False,28,21
0,SPE117,6:00,13:30:00,19:30:00,False,1,22
0,SPE160,8:51,13:30:00,22:21:00,False,2,22
0,SPE160,8:51,13:30:00,22:21:00,False,3,22
0,SPE163,7:02,14:50:00,21:52:00,False,4,22
0,EDO,,,,False,5,22
0,OFF,,,,False,6,22
0,OFF,,,,False,7,22
0,OFF,,,,False,8,22
0,OFF,,,,False,9,22
0,SPE175,9:16,16:21:00,01:37:00,False,10,22
0,SPER110,5:47,17:28:00,23:15:00,False,11,22
0,SPEX114,6:32,13:05:00,19:37:00,True,12,22
0,SPE148,9:23,11:24:00,20:47:00,False,13,22
0,SPE199,7:24,11:24:00,18:48:00,False,14,22
0,SPE115,:58,12:30:00,19:28:00,False,15,22
0,SPE154,8:18,12:39:00,20:57:00,False,16,22
0,OFF,,,,False,17,22
0,SPE148,9:23,11:24:00,20:47:00,False,18,22
0,SPE150,7:29,11:55:00,19:24:00,False,19,22
0,SPE150,7:29,11:55:00,19:24:00,False,20,22
0,OFF,,,,False,21,22
0,OFF,,,,False,22,22
0,SPE134,6:47,05:31:00,12:18:00,False,23,22
0,SPE134,6:47,05:31:00,12:18:00,False,24,22
0,SPE147,6:36,06:42:00,13:18:00,False,25,22
0,SPE147,6:36,06:42:00,13:18:00,False,26,22
0,SPE147,6:36,06:42:00,13:18:00,False,27,22
0,OFF,,,,False,28,22
0,OFF,,,,False,1,23
0,SPE143,9:08,06:21:00,15:29:00,False,2,23
0,SPE143,9:08,06:21:00,15:29:00,False,3,23
0,SPE147,6:36,06:42:00,13:18:00,False,4,23
0,OFF,,,,False,5,23
0,SPE142,7:14,06:19:00,13:33:00,False,6,23
0,SPE186,7:03,06:19:00,13:22:00,False,7,23
0,SPE102,6:32,06:19:00,12:51:00,False,8,23
0,SPE128,8:23,04:52:00,13:15:00,False,9,23
0,SPER109,5:50,06:59:00,12:49:00,False,10,23
0,SPEX112,6:04,06:00:00,12:04:00,True,11,23
0,EDO,,,,False,12,23
0,OFF,,,,False,13,23
0,OFF,,,,False,14,23
0,OFF,,,,False,15,23
0,OFF,,,,False,16,23
0,SPE155,9:49,12:50:00,22:39:00,False,17,23
0,SPE154,8:18,12:39:00,20:57:00,False,18,23
0,SPE154,8:18,12:39:00,20:57:00,False,19,23
0,SPE157,6:00,13:15:00,19:15:00,False,20,23
0,SPE201,6:00,12:58:00,18:58:00,False,21,23
0,SPE115,6:58,12:30:00,19:28:00,False,22,23
0,SPE158,9:09,13:16:00,22:25:00,False,23,23
0,OFF,,,,False,24,23
0,SPE159,6:19,13:22:00,19:41:00,False,25,23
0,SPE159,6:19,13:22:00,19:41:00,False,26,23
0,SPE151,7:13,11:56:00,19:09:00,False,27,23
0,OFF,,,,False,28,23
0,OFF,,,,False,1,24
0,SPE134,6:47,05:31:00,12:18:00,False,2,24
0,SPE134,6:47,05:31:00,12:18:00,False,3,24
0,SPE145,9:32,06:31:00,16:03:00,False,4,24
0,SPE145,9:32,06:31:00,16:03:00,False,5,24
0,OFF,,,,False,6,24
0,SPE188,6:30,06:28:00,12:58:00,False,7,24
0,SPE107,6:58,07:20:00,14:18:00,False,8,24
0,SPER108,6:11,06:54:00,13:05:00,False,9,24
0,SPEX111,6:04,06:00:00,12:04:00,True,10,24
0,SPE143,9:08,06:21:00,15:29:00,False,11,24
0,EDO,,,,False,12,24
0,OFF,,,,False,13,24
0,OFF,,,,False,14,24
0,OFF,,,,False,15,24
0,OFF,,,,False,16,24
0,SPE173,8:45,16:12:00,00:57:00,False,17,24
0,SPE173,8:45,16:12:00,00:57:00,False,18,24
0,SPE173,8:45,16:12:00,00:57:00,False,19,24
0,SPE173,8:45,16:12:00,00:57:00,False,20,24
0,SPE207,6:00,16:21:00,22:21:00,False,21,24
0,SPE125,6:00,16:21:00,22:21:00,False,22,24
0,SPE176,6:00,16:21:00,22:21:00,False,23,24
0,OFF,,,,False,24,24
0,SPE163,7:02,14:50:00,21:52:00,False,25,24
0,SPE163,7:02,14:50:00,21:52:00,False,26,24
0,SPE161,7:52,13:35:00,21:27:00,False,27,24
0,OFF,,,,False,28,24
0,OFF,,,,False,1,25
0,OFF,,,,False,2,25
0,EDO,,,,False,3,25
0,SPE172,7:25,15:56:00,23:21:00,False,4,25
0,SPE172,7:25,15:56:00,23:21:00,False,5,25
0,SPE173,8:45,16:12:00,00:57:00,False,6,25
0,SPE206,7:12,15:50:00,23:02:00,False,7,25
0,SPER102,5:54,17:16:00,23:10:00,False,8,25
0,SPEX113,6:00,11:56:00,17:56:00,True,9,25
0,OFF,,,,False,10,25
0,SPE155,9:49,12:50:00,22:39:00,False,11,25
0,SPE154,8:18,12:39:00,20:57:00,False,12,25
0,SPE154,8:18,12:39:00,20:57:00,False,13,25
0,OFF,,,,False,14,25
0,OFF,,,,False,15,25
0,SPE171,6:34,15:43:00,22:17:00,False,16,25
0,SPE176,6:00,16:21:00,22:21:00,False,17,25
0,SPE175,9:16,16:21:00,01:37:00,False,18,25
0,SPE175,9:16,16:21:00,01:37:00,False,19,25
0,SPE179,7:29,16:30:00,23:59:00,False,20,25
0,OFF,,,,False,21,25
0,OFF,,,,False,22,25
0,SPE168,8:25,15:28:00,23:53:00,False,23,25
0,SPE168,8:25,15:28:00,23:53:00,False,24,25
0,SPE162,7:31,14:22:00,21:53:00,False,25,25
0,SPE165,6:22,15:21:00,21:43:00,False,26,25
0,SPE165,6:22,15:21:00,21:43:00,False,27,25
0,OFF,,,,False,28,25
0,OFF,,,,False,1,26
0,EDO,,,,False,2,26
0,OFF,,,,False,3,26
0,SPE131,7:48,05:09:00,12:57:00,False,4,26
0,SPE131,7:48,05:09:00,12:57:00,False,5,26
0,SPE131,7:48,05:09:00,12:57:00,False,6,26
0,SPER115,5:50,06:59:00,12:49:00,False,7,26
0,SPEX104,6:06,06:00:00,12:06:00,True,8,26
0,SPE132,7:43,05:14:00,12:57:00,False,9,26
0,SPE132,7:43,05:14:00,12:57:00,False,10,26
0,OFF,,,,False,11,26
0,OFF,,,,False,12,26
0,SPE141,8:06,06:07:00,14:13:00,False,13,26
0,SPE185,9:50,06:14:00,16:04:00,False,14,26
0,SPE103,:00,06:24:00,12:24:00,False,15,26
0,SPE150,7:29,11:55:00,19:24:00,False,16,26
0,OFF,,,,False,17,26
0,SPE159,6:19,13:22:00,19:41:00,False,18,26
0,SPE162,7:31,14:22:00,21:53:00,False,19,26
0,SPE162,7:31,14:22:00,21:53:00,False,20,26
0,OFF,,,,False,21,26
0,OFF,,,,False,22,26
0,SPE148,9:23,11:24:00,20:47:00,False,23,26
0,SPE152,7:59,12:22:00,20:21:00,False,24,26
0,SPE149,7:50,11:42:00,19:32:00,False,25,26
0,SPE156,7:38,13:02:00,20:40:00,False,26,26
0,SPE156,7:38,13:02:00,20:40:00,False,27,26
0,OFF,,,,False,28,26
0,OFF,,,,False,1,27
0,SPE141,8:06,06:07:00,14:13:00,False,2,27
0,SPE141,8:06,06:07:00,14:13:00,False,3,27
0,OFF,,,,False,4,27
0,SPE127,6:06,04:39:00,10:45:00,False,5,27
0,SPE127,6:06,04:39:00,10:45:00,False,6,27
0,SPER116,5:55,06:54:00,12:49:00,False,7,27
0,SPEX105,6:06,06:00:00,12:06:00,True,8,27
0,EDO,,,,False,9,27
0,OFF,,,,False,10,27
0,OFF,,,,False,11,27
0,SPE143,9:08,06:21:00,15:29:00,False,12,27
0,SPE143,9:08,06:21:00,15:29:00,False,13,27
0,SPE196,8:59,10:02:00,19:01:00,False,14,27
0,SPE112,:58,09:50:00,18:48:00,False,15,27
0,SPE153,8:55,12:32:00,21:27:00,False,16,27
0,SPE153,8:55,12:32:00,21:27:00,False,17,27
0,OFF,,,,False,18,27
0,SPE156,7:38,13:02:00,20:40:00,False,19,27
0,SPE156,7:38,13:02:00,20:40:00,False,20,27
0,OFF,,,,False,21,27
0,OFF,,,,False,22,27
0,SPE154,8:18,12:39:00,20:57:00,False,23,27
0,SPE157,6:00,13:15:00,19:15:00,False,24,27
0,SPE157,6:00,13:15:00,19:15:00,False,25,27
0,SPE157,6:00,13:15:00,19:15:00,False,26,27
0,SPE159,6:19,13:22:00,19:41:00,False,27,27
0,OFF,,,,False,28,27
0,OFF,,,,False,1,28
0,SPE158,9:09,13:16:00,22:25:00,False,2,28
0,SPE158,9:09,13:16:00,22:25:00,False,3,28
0,OFF,,,,False,4,28
0,SPE178,7:42,16:27:00,01:20:00,False,5,28
0,SPER110,5:47,17:28:00,23:15:00,False,6,28
0,SPEX121,5:40,13:05:00,18:45:00,True,7,28
0,SPE115,6:58,12:30:00,19:28:00,False,8,28
0,SPE155,9:49,12:50:00,22:39:00,False,9,28
0,SPE156,7:38,13:02:00,20:40:00,False,10,28
0,SPE156,7:38,13:02:00,20:40:00,False,11,28
0,EDO,,,,False,12,28
0,OFF,,,,False,13,28
0,OFF,,,,False,14,28
0,OFF,,,,False,15,28
0,OFF,,,,False,16,28
0,SPE165,6:22,15:21:00,21:43:00,False,17,28
0,SPE165,6:22,15:21:00,21:43:00,False,18,28
0,SPE158,9:09,13:16:00,22:25:00,False,19,28
0,SPE158,9:09,13:16:00,22:25:00,False,20,28
0,SPE200,6:52,12:32:00,19:24:00,False,21,28
0,SPE116,8:00,12:32:00,20:32:00,False,22,28
0,OFF,,,,False,23,28
0,SPE165,6:22,15:21:00,21:43:00,False,24,28
0,SPE165,6:22,15:21:00,21:43:00,False,25,28
0,SPE166,7:59,15:21:00,23:20:00,False,26,28
0,SPE166,7:59,15:21:00,23:20:00,False,27,28
0,OFF,,,,False,28,28
0,OFF,,,,False,1,29
0,OFF,,,,False,2,29
0,EDO,,,,False,3,29
0,SPE143,9:08,06:21:00,15:29:00,False,4,29
0,SPER109,5:50,06:59:00,12:49:00,False,5,29
0,SPEX112,6:04,06:00:00,12:04:00,True,6,29
0,SPE185,9:50,06:14:00,16:04:00,False,7,29
0,SPE108,6:42,07:40:00,14:22:00,False,8,29
0,SPE131,7:48,05:09:00,12:57:00,False,9,29
0,SPE131,7:48,05:09:00,12:57:00,False,10,29
0,OFF,,,,False,11,29
0,SPE128,8:23,04:52:00,13:15:00,False,12,29
0,SPE128,8:23,04:52:00,13:15:00,False,13,29
0,OFF,,,,False,14,29
0,OFF,,,,False,15,29
0,SPE156,7:38,13:02:00,20:40:00,False,16,29
0,SPE162,7:31,14:22:00,21:53:00,False,17,29
0,SPE162,7:31,14:22:00,21:53:00,False,18,29
0,OFF,,,,False,19,29
0,SPE149,7:50,11:42:00,19:32:00,False,20,29
0,SPE198,8:11,11:02:00,19:13:00,False,21,29
0,SPE114,7:56,11:16:00,19:12:00,False,22,29
0,SPE150,7:29,11:55:00,19:24:00,False,23,29
0,SPE150,7:29,11:55:00,19:24:00,False,24,29
0,OFF,,,,False,25,29
0,OFF,,,,False,26,29
0,SPE142,7:14,06:19:00,13:33:00,False,27,29
0,SPE186,7:03,06:19:00,13:22:00,False,28,29
0,SPE103,6:00,06:24:00,12:24:00,False,1,30
0,SPE126,6:00,04:14:00,10:14:00,False,2,30
0,SPE126,6:00,04:14:00,10:14:00,False,3,30
0,SPER108,6:11,06:54:00,13:05:00,False,4,30
0,SPEX111,6:04,06:00:00,12:04:00,True,5,30
0,OFF,,,,False,6,30
0,OFF,,,,False,7,30
0,OFF,,,,False,8,30
0,OFF,,,,False,9,30
0,EDO,,,,False,10,30
0,SPE131,7:48,05:09:00,12:57:00,False,11,30
0,SPE131,7:48,05:09:00,12:57:00,False,12,30
0,SPE131,7:48,05:09:00,12:57:00,False,13,30
0,SPE197,6:28,10:50:00,17:18:00,False,14,30
0,OFF,,,,False,15,30
0,SPE152,7:59,12:22:00,20:21:00,False,16,30
0,SPE152,7:59,12:22:00,20:21:00,False,17,30
0,SPE152,7:59,12:22:00,20:21:00,False,18,30
0,SPE169,6:01,15:32:00,21:33:00,False,19,30
0,OFF,,,,False,20,30
0,SPE206,7:12,15:50:00,23:02:00,False,21,30
0,SPE123,7:37,15:56:00,23:33:00,False,22,30
0,SPE172,7:25,15:56:00,23:21:00,False,23,30
0,SPE172,7:25,15:56:00,23:21:00,False,24,30
0,SPE171,6:34,15:43:00,22:17:00,False,25,30
0,SPE171,6:34,15:43:00,22:17:00,False,26,30
0,OFF,,,,False,27,30
0,OFF,,,,False,28,30
0,OFF,,,,False,1,31
0,OFF,,,,False,2,31
0,SPER108,6:11,06:54:00,13:05:00,False,3,31
0,SPEX111,6:04,06:00:00,12:04:00,True,4,31
0,SPE137,8:34,05:44:00,14:18:00,False,5,31
0,SPE137,8:34,05:44:00,14:18:00,False,6,31
0,SPE193,6:58,07:20:00,14:18:00,False,7,31
0,SPE101,9:50,06:14:00,16:04:00,False,8,31
0,SPE140,6:00,05:57:00,11:57:00,False,9,31
0,OFF,,,,False,10,31
0,EDO,,,,False,11,31
0,SPE137,8:34,05:44:00,14:18:00,False,12,31
0,SPE137,8:34,05:44:00,14:18:00,False,13,31
0,OFF,,,,False,14,31
0,OFF,,,,False,15,31
0,SPE175,9:16,16:21:00,01:37:00,False,16,31
0,SPE175,9:16,16:21:00,01:37:00,False,17,31
0,SPE178,7:42,16:27:00,01:20:00,False,18,31
0,SPE167,6:17,15:26:00,21:43:00,False,19,31
0,SPE167,6:17,15:26:00,21:43:00,False,20,31
0,OFF,,,,False,21,31
0,OFF,,,,False,22,31
0,SPE170,7:58,15:39:00,23:37:00,False,23,31
0,SPE170,7:58,15:39:00,23:37:00,False,24,31
0,SPE160,8:51,13:30:00,22:21:00,False,25,31
0,SPE176,6:00,16:21:00,22:21:00,False,26,31
0,SPE176,6:00,16:21:00,22:21:00,False,27,31
0,OFF,,,,False,28,31
0,OFF,,,,False,1,32
0,SPER108,6:11,06:54:00,13:05:00,False,2,32
0,SPEX111,6:04,06:00:00,12:04:00,True,3,32
0,SPE146,9:38,06:37:00,16:15:00,False,4,32
0,SPE147,6:36,06:42:00,13:18:00,False,5,32
0,OFF,,,,False,6,32
0,SPE194,7:06,08:35:00,15:41:00,False,7,32
0,SPE109,6:26,08:32:00,14:58:00,False,8,32
0,SPE138,7:54,05:51:00,13:45:00,False,9,32
0,SPE138,7:54,05:51:00,13:45:00,False,10,32
0,SPE139,8:01,05:54:00,13:55:00,False,11,32
0,EDO,,,,False,12,32
0,OFF,,,,False,13,32
0,OFF,,,,False,14,32
0,OFF,,,,False,15,32
0,OFF,,,,False,16,32
0,SPE167,6:17,15:26:00,21:43:00,False,17,32
0,SPE167,6:17,15:26:00,21:43:00,False,18,32
0,SPE157,6:00,13:15:00,19:15:00,False,19,32
0,SPE155,9:49,12:50:00,22:39:00,False,20,32
0,SPE204,6:55,14:50:00,21:45:00,False,21,32
0,SPE121,6:55,14:50:00,21:45:00,False,22,32
0,OFF,,,,False,23,32
0,OFF,,,,False,24,32
0,SPE139,8:01,05:54:00,13:55:00,False,25,32
0,SPE139,8:01,05:54:00,13:55:00,False,26,32
0,SPE145,9:32,06:31:00,16:03:00,False,27,32
0,SPE194,7:06,08:35:00,15:41:00,False,28,32
0,SPER100,5:55,06:54:00,12:49:00,False,1,33
0,SPEX111,6:04,06:00:00,12:04:00,True,2,33
0,OFF,,,,False,3,33
0,EDO,,,,False,4,33
0,SPE136,7:21,05:44:00,13:05:00,False,5,33
0,SPE136,7:21,05:44:00,13:05:00,False,6,33
0,OFF,,,,False,7,33
0,OFF,,,,False,8,33
0,OFF,,,,False,9,33
0,SPE166,7:59,15:21:00,23:20:00,False,10,33
0,SPE166,7:59,15:21:00,23:20:00,False,11,33
0,SPE162,7:31,14:22:00,21:53:00,False,12,33
0,SPE162,7:31,14:22:00,21:53:00,False,13,33
0,SPE202,8:49,13:22:00,22:11:00,False,14,33
0,SPE118,:49,13:32:00,22:21:00,False,15,33
0,OFF,,,,False,16,33
0,SPE160,8:51,13:30:00,22:21:00,False,17,33
0,SPE160,8:51,13:30:00,22:21:00,False,18,33
0,SPE165,6:22,15:21:00,21:43:00,False,19,33
0,SPE165,6:22,15:21:00,21:43:00,False,20,33
0,OFF,,,,False,21,33
0,OFF,,,,False,22,33
0,SPE144,7:25,06:26:00,13:51:00,False,23,33
0,SPE131,7:48,05:09:00,12:57:00,False,24,33
0,OFF,,,,False,25,33
0,SPE127,6:06,04:39:00,10:45:00,False,26,33
0,SPE127,6:06,04:39:00,10:45:00,False,27,33
0,SPER116,5:55,06:54:00,12:49:00,False,28,33
0,SPEX105,6:06,06:00:00,12:06:00,True,1,34
0,SPE145,9:32,06:31:00,16:03:00,False,2,34
0,SPE145,9:32,06:31:00,16:03:00,False,3,34
0,OFF,,,,False,4,34
0,OFF,,,,False,5,34
0,SPE134,6:47,05:31:00,12:18:00,False,6,34
0,SPE184,4:23,06:13:00,10:36:00,False,7,34
0,SPE104,9:09,06:44:00,15:53:00,False,8,34
0,SPE134,6:47,05:31:00,12:18:00,False,9,34
0,SPE137,8:34,05:44:00,14:18:00,False,10,34
0,SPE137,8:34,05:44:00,14:18:00,False,11,34
0,EDO,,,,False,12,34
0,OFF,,,,False,13,34
0,OFF,,,,False,14,34
0,OFF,,,,False,15,34
0,OFF,,,,False,16,34
0,SPE154,8:18,12:39:00,20:57:00,False,17,34
0,SPE181,8:22,17:08:00,01:30:00,False,18,34
0,SPE181,8:22,17:08:00,01:30:00,False,19,34
0,SPE175,9:16,16:21:00,01:37:00,False,20,34
0,SPE211,6:00,17:12:00,23:12:00,False,21,34
0,SPE124,8:30,16:02:00,00:32:00,False,22,34
0,SPE177,6:06,16:23:00,22:29:00,False,23,34
0,OFF,,,,False,24,34
0,OFF,,,,False,25,34
0,SPE180,7:42,16:35:00,00:17:00,False,26,34
0,SPER110,5:47,17:28:00,23:15:00,False,27,34
0,SPEX121,5:40,13:05:00,18:45:00,True,28,34
0,OFF,,,,False,1,35
0,SPE173,8:45,16:12:00,00:57:00,False,2,35
0,SPE173,8:45,16:12:00,00:57:00,False,3,35
0,SPE174,7:48,16:15:00,00:03:00,False,4,35
0,SPE171,6:34,15:43:00,22:17:00,False,5,35
0,SPE171,6:34,15:43:00,22:17:00,False,6,35
0,OFF,,,,False,7,35
0,OFF,,,,False,8,35
0,SPE152,7:59,12:22:00,20:21:00,False,9,35
0,SPE152,7:59,12:22:00,20:21:00,False,10,35
0,SPE152,7:59,12:22:00,20:21:00,False,11,35
0,SPE150,7:29,11:55:00,19:24:00,False,12,35
0,EDO,,,,False,13,35
0,OFF,,,,False,14,35
0,OFF,,,,False,15,35
0,OFF,,,,False,16,35
0,SPE129,6:00,04:52:00,10:52:00,False,17,35
0,SPE129,6:00,04:52:00,10:52:00,False,18,35
0,SPE126,6:00,04:14:00,10:14:00,False,19,35
0,SPE126,6:00,04:14:00,10:14:00,False,20,35
0,SPE182,7:18,06:00:00,13:18:00,False,21,35
0,SPE101,9:50,06:14:00,16:04:00,False,22,35
0,OFF,,,,False,23,35
0,SPE137,8:34,05:44:00,14:18:00,False,24,35
0,SPE137,8:34,05:44:00,14:18:00,False,25,35
0,SPER109,5:50,06:59:00,12:49:00,False,26,35
0,SPEX112,6:04,06:00:00,12:04:00,True,27,35
0,OFF,,,,False,28,35
0,OFF,,,,False,1,36
0,OFF,,,,False,2,36
0,SPE165,6:22,15:21:00,21:43:00,False,3,36
0,SPE167,6:17,15:26:00,21:43:00,False,4,36
0,SPE180,7:42,16:35:00,00:17:00,False,5,36
0,SPE180,7:42,16:35:00,00:17:00,False,6,36
0,SPE209,6:04,16:32:00,22:36:00,False,7,36
0,SPE122,8:19,14:53:00,23:12:00,False,8,36
0,OFF,,,,False,9,36
0,SPE153,8:55,12:32:00,21:27:00,False,10,36
0,SPE153,8:55,12:32:00,21:27:00,False,11,36
0,SPE151,7:13,11:56:00,19:09:00,False,12,36
0,SPE159,6:19,13:22:00,19:41:00,False,13,36
0,OFF,,,,False,14,36
0,OFF,,,,False,15,36
0,SPE136,7:21,05:44:00,13:05:00,False,16,36
0,SPE136,7:21,05:44:00,13:05:00,False,17,36
0,SPE136,7:21,05:44:00,13:05:00,False,18,36
0,OFF,,,,False,19,36
0,EDO,,,,False,20,36
0,SPE194,7:06,08:35:00,15:41:00,False,21,36
0,SPE104,9:09,06:44:00,15:53:00,False,22,36
0,SPE147,6:36,06:42:00,13:18:00,False,23,36
0,SPE145,9:32,06:31:00,16:03:00,False,24,36
0,SPER109,5:50,06:59:00,12:49:00,False,25,36
0,SPEX112,6:04,06:00:00,12:04:00,True,26,36
0,OFF,,,,False,27,36
0,OFF,,,,False,28,36
0,OFF,,,,False,1,37
0,EDO,,,,False,2,37
0,AV,8:00,15:00:00,23:00:00,False,3,37
0,SPE175,9:16,16:21:00,01:37:00,False,4,37
0,SPE174,7:48,16:15:00,00:03:00,False,5,37
0,SPE170,7:58,15:39:00,23:37:00,False,6,37
0,OFF,,,,False,7,37
0,OFF,,,,False,8,37
0,SPE178,7:42,16:27:00,01:20:00,False,9,37
0,SPE178,7:42,16:27:00,01:20:00,False,10,37
0,OFF,,,,False,11,37
0,AV,8:00,16:00:00,00:00:00,False,12,37
0,AV,8:00,16:00:00,00:00:00,False,13,37
0,SPE208,6:00,16:31:00,22:31:00,False,14,37
0,SPE119,:58,14:32:00,23:30:00,False,15,37
0,SPE164,7:27,15:02:00,22:29:00,False,16,37
0,SPE164,7:27,15:02:00,22:29:00,False,17,37
0,OFF,,,,False,18,37
0,OFF,,,,False,19,37
0,SPE181,8:22,17:08:00,01:30:00,False,20,37
0,SPE210,6:00,17:02:00,23:02:00,False,21,37
0,SPE119,8:58,14:32:00,23:30:00,False,22,37
0,SPE179,7:29,16:30:00,23:59:00,False,23,37
0,SPER110,5:47,17:28:00,23:15:00,False,24,37
0,SPEX114,6:32,13:05:00,19:37:00,True,25,37
0,SPE149,7:50,11:42:00,19:32:00,False,26,37
0,OFF,,,,False,27,37
0,OFF,,,,False,28,37
0,OFF,,,,False,1,38
0,SPE129,6:00,04:52:00,10:52:00,False,2,38
0,SPE129,6:00,04:52:00,10:52:00,False,3,38
0,SPE134,6:47,05:31:00,12:18:00,False,4,38
0,SPE134,6:47,05:31:00,12:18:00,False,5,38
0,EDO,,,,False,6,38
0,OFF,,,,False,7,38
0,OFF,,,,False,8,38
0,OFF,,,,False,9,38
0,SPE134,6:47,05:31:00,12:18:00,False,10,38
0,SPE134,6:47,05:31:00,12:18:00,False,11,38
0,SPE134,6:47,05:31:00,12:18:00,False,12,38
0,SPE145,9:32,06:31:00,16:03:00,False,13,38
0,SPE184,4:23,06:13:00,10:36:00,False,14,38
0,SPE102,:32,06:19:00,12:51:00,False,15,38
0,SPE145,9:32,06:31:00,16:03:00,False,16,38
0,OFF,,,,False,17,38
0,SPE147,6:36,06:42:00,13:18:00,False,18,38
0,SPE147,6:36,06:42:00,13:18:00,False,19,38
0,SPE140,6:00,05:57:00,11:57:00,False,20,38
0,OFF,,,,False,21,38
0,OFF,,,,False,22,38
0,SPER108,6:11,06:54:00,13:05:00,False,23,38
0,SPEX111,6:04,06:00:00,12:04:00,True,24,38
0,SPE146,9:38,06:37:00,16:15:00,False,25,38
0,OFF,,,,False,26,38
0,SPE163,7:02,14:50:00,21:52:00,False,27,38
0,SPE204,6:55,14:50:00,21:45:00,False,28,38
0,SPE121,6:55,14:50:00,21:45:00,False,1,39
0,SPE155,9:49,12:50:00,22:39:00,False,2,39
0,SPE175,9:16,16:21:00,01:37:00,False,3,39
0,SPE165,6:22,15:21:00,21:43:00,False,4,39
0,EDO,,,,False,5,39
0,OFF,,,,False,6,39
0,OFF,,,,False,7,39
0,OFF,,,,False,8,39
0,SPER110,5:47,17:28:00,23:15:00,False,9,39
0,SPEX114,6:32,13:05:00,19:37:00,True,10,39
0,SPE150,7:29,11:55:00,19:24:00,False,11,39
0,OFF,,,,False,12,39
0,AV,8:00,11:00:00,19:00:00,False,13,39
0,AV,8:00,11:00:00,19:00:00,False,14,39
0,SPE114,:56,11:16:00,19:12:00,False,15,39
0,SPE155,9:49,12:50:00,22:39:00,False,16,39
0,SPE156,7:38,13:02:00,20:40:00,False,17,39
0,SPE156,7:38,13:02:00,20:40:00,False,18,39
0,OFF,,,,False,19,39
0,OFF,,,,False,20,39
0,SPE183,9:49,06:09:00,15:58:00,False,21,39
0,SPER100,5:55,06:54:00,12:49:00,False,22,39
0,SPEX111,6:04,06:00:00,12:04:00,True,23,39
0,SPE130,6:46,04:59:00,11:45:00,False,24,39
0,SPE130,6:46,04:59:00,11:45:00,False,25,39
0,SPE130,6:46,04:59:00,11:45:00,False,26,39
0,OFF,,,,False,27,39
0,OFF,,,,False,28,39
0,OFF,,,,False,1,40
0,OFF,,,,False,2,40
0,SPE133,6:00,05:17:00,11:17:00,False,3,40
0,SPE133,6:00,05:17:00,11:17:00,False,4,40
0,SPE143,9:08,06:21:00,15:29:00,False,5,40
0,SPE143,9:08,06:21:00,15:29:00,False,6,40
0,SPE192,8:01,07:17:00,15:18:00,False,7,40
0,SPER100,5:55,06:54:00,12:49:00,False,8,40
0,SPEX111,6:04,06:00:00,12:04:00,True,9,40
0,OFF,,,,False,10,40
0,AV,8:00,04:30:00,12:30:00,False,11,40
0,SPE133,6:00,05:17:00,11:17:00,False,12,40
0,SPE133,6:00,05:17:00,11:17:00,False,13,40
0,OFF,,,,False,14,40
0,OFF,,,,False,15,40
0,SPE168,8:25,15:28:00,23:53:00,False,16,40
0,SPE168,8:25,15:28:00,23:53:00,False,17,40
0,AV,8:00,15:00:00,23:00:00,False,18,40
0,OFF,,,,False,19,40
0,SPE180,7:42,16:35:00,00:17:00,False,20,40
0,SPER118,5:44,18:02:00,23:46:00,False,21,40
0,SPEX107,5:42,16:06:00,21:48:00,True,22,40
0,SPE175,9:16,16:21:00,01:37:00,False,23,40
0,SPE175,9:16,16:21:00,01:37:00,False,24,40
0,SPE176,6:00,16:21:00,22:21:00,False,25,40
0,OFF,,,,False,26,40
0,EDO,,,,False,27,40
0,OFF,,,,False,28,40
0,OFF,,,,False,1,41
0,EDO,,,,False,2,41
0,OFF,,,,False,3,41
0,SPE181,8:22,17:08:00,01:30:00,False,4,41
0,SPE181,8:22,17:08:00,01:30:00,False,5,41
0,SPE178,7:42,16:27:00,01:20:00,False,6,41
0,SPER117,5:54,17:16:00,23:10:00,False,7,41
0,SPEX106,5:20,11:56:00,17:16:00,True,8,41
0,OFF,,,,False,9,41
0,SPE154,8:18,12:39:00,20:57:00,False,10,41
0,SPE154,8:18,12:39:00,20:57:00,False,11,41
0,SPE148,9:23,11:24:00,20:47:00,False,12,41
0,SPE151,7:13,11:56:00,19:09:00,False,13,41
0,OFF,,,,False,14,41
0,OFF,,,,False,15,41
0,SPE140,6:00,05:57:00,11:57:00,False,16,41
0,SPE140,6:00,05:57:00,11:57:00,False,17,41
0,SPE146,9:38,06:37:00,16:15:00,False,18,41
0,OFF,,,,False,19,41
0,SPER109,5:50,06:59:00,12:49:00,False,20,41
0,SPEX119,6:06,06:00:00,12:06:00,True,21,41
0,SPE105,8:57,06:44:00,15:41:00,False,22,41
0,SPE145,9:32,06:31:00,16:03:00,False,23,41
0,SPE147,6:36,06:42:00,13:18:00,False,24,41
0,SPE145,9:32,06:31:00,16:03:00,False,25,41
0,OFF,,,,False,26,41
0,OFF,,,,False,27,41
0,SPE188,6:30,06:28:00,12:58:00,False,28,41
0,SPE110,7:18,08:35:00,15:53:00,False,1,42
0,SPE147,6:36,06:42:00,13:18:00,False,2,42
0,SPE147,6:36,06:42:00,13:18:00,False,3,42
0,OFF,,,,False,4,42
0,SPE132,7:43,05:14:00,12:57:00,False,5,42
0,SPE132,7:43,05:14:00,12:57:00,False,6,42
0,OFF,,,,False,7,42
0,OFF,,,,False,8,42
0,SPE139,8:01,05:54:00,13:55:00,False,9,42
0,SPE139,8:01,05:54:00,13:55:00,False,10,42
0,OFF,,,,False,11,42
0,SPE136,7:21,05:44:00,13:05:00,False,12,42
0,SPE136,7:21,05:44:00,13:05:00,False,13,42
0,SPE192,8:01,07:17:00,15:18:00,False,14,42
0,SPE104,:09,06:44:00,15:53:00,False,15,42
0,SPE128,8:23,04:52:00,13:15:00,False,16,42
0,OFF,,,,False,17,42
0,SPE145,9:32,06:31:00,16:03:00,False,18,42
0,SPER109,5:50,06:59:00,12:49:00,False,19,42
0,SPEX112,6:04,06:00:00,12:04:00,True,20,42
0,OFF,,,,False,21,42
0,OFF,,,,False,22,42
0,EDO,,,,False,23,42
0,OFF,,,,False,24,42
0,SPE151,7:13,11:56:00,19:09:00,False,25,42
0,SPE151,7:13,11:56:00,19:09:00,False,26,42
0,SPE148,9:23,11:24:00,20:47:00,False,27,42
0,SPE199,7:24,11:24:00,18:48:00,False,28,42
0,SPE113,6:00,10:32:00,16:32:00,False,1,43
0,SPE148,9:23,11:24:00,20:47:00,False,2,43
0,OFF,,,,False,3,43
0,SPE179,7:29,16:30:00,23:59:00,False,4,43
0,SPE177,6:06,16:23:00,22:29:00,False,5,43
0,SPE177,6:06,16:23:00,22:29:00,False,6,43
0,OFF,,,,False,7,43
0,OFF,,,,False,8,43
0,SPE143,9:08,06:21:00,15:29:00,False,9,43
0,SPE143,9:08,06:21:00,15:29:00,False,10,43
0,SPE147,6:36,06:42:00,13:18:00,False,11,43
0,SPE147,6:36,06:42:00,13:18:00,False,12,43
0,OFF,,,,False,13,43
0,SPE194,7:06,08:35:00,15:41:00,False,14,43
0,SPE110,:18,08:35:00,15:53:00,False,15,43
0,SPE139,8:01,05:54:00,13:55:00,False,16,43
0,SPE145,9:32,06:31:00,16:03:00,False,17,43
0,SPER109,5:50,06:59:00,12:49:00,False,18,43
0,SPEX112,6:04,06:00:00,12:04:00,True,19,43
0,OFF,,,,False,20,43
0,OFF,,,,False,21,43
0,OFF,,,,False,22,43
0,OFF,,,,False,23,43
0,EDO,,,,False,24,43
0,SPE150,7:29,11:55:00,19:24:00,False,25,43
0,SPE158,9:09,13:16:00,22:25:00,False,26,43
0,SPE158,9:09,13:16:00,22:25:00,False,27,43
0,SPE201,6:00,12:58:00,18:58:00,False,28,43
0,SPE125,6:00,16:21:00,22:21:00,False,1,44
0,SPE176,6:00,16:21:00,22:21:00,False,2,44
0,OFF,,,,False,3,44
0,SPE162,7:31,14:22:00,21:53:00,False,4,44
0,SPE165,6:22,15:21:00,21:43:00,False,5,44
0,SPE165,6:22,15:21:00,21:43:00,False,6,44
0,OFF,,,,False,7,44
0,OFF,,,,False,8,44
0,SPE181,8:22,17:08:00,01:30:00,False,9,44
0,SPE181,8:22,17:08:00,01:30:00,False,10,44
0,SPE179,7:29,16:30:00,23:59:00,False,11,44
0,SPE179,7:29,16:30:00,23:59:00,False,12,44
0,SPE158,9:09,13:16:00,22:25:00,False,13,44
0,OFF,,,,False,14,44
0,OFF,,,,False,15,44
0,SPE144,7:25,06:26:00,13:51:00,False,16,44
0,SPER108,6:11,06:54:00,13:05:00,False,17,44
0,SPEX111,6:04,06:00:00,12:04:00,True,18,44
0,SPE127,6:06,04:39:00,10:45:00,False,19,44
0,SPE127,6:06,04:39:00,10:45:00,False,20,44
0,OFF,,,,False,21,44
0,OFF,,,,False,22,44
0,SPE153,8:55,12:32:00,21:27:00,False,23,44
0,SPE154,8:18,12:39:00,20:57:00,False,24,44
0,SPE154,8:18,12:39:00,20:57:00,False,25,44
0,OFF,,,,False,26,44
0,EDO,,,,False,27,44
0,SPE196,8:59,10:02:00,19:01:00,False,28,44
0,SPE122,8:19,14:53:00,23:12:00,False,1,45
0,SPE163,7:02,14:50:00,21:52:00,False,2,45
0,SPE163,7:02,14:50:00,21:52:00,False,3,45
0,OFF,,,,False,4,45
0,SPE179,7:29,16:30:00,23:59:00,False,5,45
0,SPE179,7:29,16:30:00,23:59:00,False,6,45
0,OFF,,,,False,7,45
0,OFF,,,,False,8,45
0,SPE142,7:14,06:19:00,13:33:00,False,9,45
0,SPE142,7:14,06:19:00,13:33:00,False,10,45
0,OFF,,,,False,11,45
0,SPE146,9:38,06:37:00,16:15:00,False,12,45
0,SPE142,7:14,06:19:00,13:33:00,False,13,45
0,SPE186,7:03,06:19:00,13:22:00,False,14,45
0,SPE105,:57,06:44:00,15:41:00,False,15,45
0,SPER108,6:11,06:54:00,13:05:00,False,16,45
0,SPEX111,6:04,06:00:00,12:04:00,True,17,45
0,SPE143,9:08,06:21:00,15:29:00,False,18,45
0,EDO,,,,False,19,45
0,OFF,,,,False,20,45
0,OFF,,,,False,21,45
0,OFF,,,,False,22,45
0,OFF,,,,False,23,45
0,SPE155,9:49,12:50:00,22:39:00,False,24,45
0,SPE179,7:29,16:30:00,23:59:00,False,25,45
0,SPE179,7:29,16:30:00,23:59:00,False,26,45
0,SPE179,7:29,16:30:00,23:59:00,False,27,45
0,SPE206,7:12,15:50:00,23:02:00,False,28,45
0,SPE116,8:00,12:32:00,20:32:00,False,1,46
0,SPE153,8:55,12:32:00,21:27:00,False,2,46
0,OFF,,,,False,3,46
0,SPE156,7:38,13:02:00,20:40:00,False,4,46
0,SPE156,7:38,13:02:00,20:40:00,False,5,46
0,SPE156,7:38,13:02:00,20:40:00,False,6,46
0,OFF,,,,False,7,46
0,OFF,,,,False,8,46
0,SPE136,7:21,05:44:00,13:05:00,False,9,46
0,SPE136,7:21,05:44:00,13:05:00,False,10,46
0,SPE136,7:21,05:44:00,13:05:00,False,11,46
0,OFF,,,,False,12,46
0,SPE127,6:06,04:39:00,10:45:00,False,13,46
0,SPE182,7:18,06:00:00,13:18:00,False,14,46
0,SPER100,:55,06:54:00,12:49:00,False,15,46
0,SPEX111,6:04,06:00:00,12:04:00,True,16,46
0,SPE137,8:34,05:44:00,14:18:00,False,17,46
0,OFF,,,,False,18,46
0,SPE129,6:00,04:52:00,10:52:00,False,19,46
0,SPE129,6:00,04:52:00,10:52:00,False,20,46
0,OFF,,,,False,21,46
0,OFF,,,,False,22,46
0,SPE166,7:59,15:21:00,23:20:00,False,23,46
0,SPE166,7:59,15:21:00,23:20:00,False,24,46
0,EDO,,,,False,25,46
0,OFF,,,,False,26,46
0,SPE149,7:50,11:42:00,19:32:00,False,27,46
0,SPE198,8:11,11:02:00,19:13:00,False,28,46
0,SPE112,8:58,09:50:00,18:48:00,False,1,47
0,SPE150,7:29,11:55:00,19:24:00,False,2,47
0,SPE150,7:29,11:55:00,19:24:00,False,3,47
0,OFF,,,,False,4,47
0,SPE148,9:23,11:24:00,20:47:00,False,5,47
0,SPE149,7:50,11:42:00,19:32:00,False,6,47
0,OFF,,,,False,7,47
0,OFF,,,,False,8,47
0,SPE135,6:00,05:31:00,11:31:00,False,9,47
0,SPE135,6:00,05:31:00,11:31:00,False,10,47
0,SPE127,6:06,04:39:00,10:45:00,False,11,47
0,SPE127,6:06,04:39:00,10:45:00,False,12,47
0,OFF,,,,False,13,47
0,SPER115,5:50,06:59:00,12:49:00,False,14,47
0,SPEX104,:06,06:00:00,12:06:00,True,15,47
0,SPE141,8:06,06:07:00,14:13:00,False,16,47
0,SPE141,8:06,06:07:00,14:13:00,False,17,47
0,SPE144,7:25,06:26:00,13:51:00,False,18,47
0,EDO,,,,False,19,47
0,OFF,,,,False,20,47
0,OFF,,,,False,21,47
0,OFF,,,,False,22,47
0,SPE139,8:01,05:54:00,13:55:00,False,23,47
0,SPE139,8:01,05:54:00,13:55:00,False,24,47
0,SPE140,6:00,05:57:00,11:57:00,False,25,47
0,SPE140,6:00,05:57:00,11:57:00,False,26,47
0,SPE138,7:54,05:51:00,13:45:00,False,27,47
0,OFF,,,,False,28,47
0,OFF,,,,False,1,48
0,SPE146,9:38,06:37:00,16:15:00,False,2,48
0,SPE146,9:38,06:37:00,16:15:00,False,3,48
0,OFF,,,,False,4,48
0,EDO,,,,False,5,48
0,SPE133,6:00,05:17:00,11:17:00,False,6,48
0,SPE189,6:00,06:32:00,12:32:00,False,7,48
0,SPE111,9:06,08:45:00,17:51:00,False,8,48
0,SPE162,7:31,14:22:00,21:53:00,False,9,48
0,OFF,,,,False,10,48
0,OFF,,,,False,11,48
0,SPE175,9:16,16:21:00,01:37:00,False,12,48
0,SPER110,5:47,17:28:00,23:15:00,False,13,48
0,SPEX121,5:40,13:05:00,18:45:00,True,14,48
0,SPE111,:06,08:45:00,17:51:00,False,15,48
0,SPE149,7:50,11:42:00,19:32:00,False,16,48
0,SPE149,7:50,11:42:00,19:32:00,False,17,48
0,OFF,,,,False,18,48
0,SPE176,6:00,16:21:00,22:21:00,False,19,48
0,SPE176,6:00,16:21:00,22:21:00,False,20,48
0,OFF,,,,False,21,48
0,OFF,,,,False,22,48
0,SPE167,6:17,15:26:00,21:43:00,False,23,48
0,SPE167,6:17,15:26:00,21:43:00,False,24,48
0,SPE167,6:17,15:26:00,21:43:00,False,25,48
0,SPE160,8:51,13:30:00,22:21:00,False,26,48
0,SPE160,8:51,13:30:00,22:21:00,False,27,48
0,OFF,,,,False,28,48
0,OFF,,,,False,1,49
0,SPE181,8:22,17:08:00,01:30:00,False,2,49
0,SPE181,8:22,17:08:00,01:30:00,False,3,49
0,SPE178,7:42,16:27:00,01:20:00,False,4,49
0,SPE167,6:17,15:26:00,21:43:00,False,5,49
0,SPE155,9:49,12:50:00,22:39:00,False,6,49
0,OFF,,,,False,7,49
0,OFF,,,,False,8,49
0,SPE133,6:00,05:17:00,11:17:00,False,9,49
0,SPE133,6:00,05:17:00,11:17:00,False,10,49
0,SPE133,6:00,05:17:00,11:17:00,False,11,49
0,SPER108,6:11,06:54:00,13:05:00,False,12,49
0,SPEX111,6:04,06:00:00,12:04:00,True,13,49
0,OFF,,,,False,14,49
0,OFF,,,,False,15,49
0,SPE131,7:48,05:09:00,12:57:00,False,16,49
0,SPE131,7:48,05:09:00,12:57:00,False,17,49
0,OFF,,,,False,18,49
0,SPE148,9:23,11:24:00,20:47:00,False,19,49
0,SPE153,8:55,12:32:00,21:27:00,False,20,49
0,SPE197,6:28,10:50:00,17:18:00,False,21,49
0,SPE120,7:39,14:42:00,22:21:00,False,22,49
0,SPE162,7:31,14:22:00,21:53:00,False,23,49
0,SPE162,7:31,14:22:00,21:53:00,False,24,49
0,SPE156,7:38,13:02:00,20:40:00,False,25,49
0,EDO,,,,False,26,49
0,OFF,,,,False,27,49
0,OFF,,,,False,28,49
0,OFF,,,,False,1,50
0,SPE133,6:00,05:17:00,11:17:00,False,2,50
0,SPE137,8:34,05:44:00,14:18:00,False,3,50
0,SPE137,8:34,05:44:00,14:18:00,False,4,50
0,SPE144,7:25,06:26:00,13:51:00,False,5,50
0,SPE144,7:25,06:26:00,13:51:00,False,6,50
0,OFF,,,,False,7,50
0,OFF,,,,False,8,50
0,SPE127,6:06,04:39:00,10:45:00,False,9,50
0,SPE127,6:06,04:39:00,10:45:00,False,10,50
0,SPER108,6:11,06:54:00,13:05:00,False,11,50
0,SPEX111,6:04,06:00:00,12:04:00,True,12,50
0,SPE146,9:38,06:37:00,16:15:00,False,13,50
0,OFF,,,,False,14,50
0,OFF,,,,False,15,50
0,SPE172,7:25,15:56:00,23:21:00,False,16,50
0,SPE172,7:25,15:56:00,23:21:00,False,17,50
0,EDO,,,,False,18,50
0,OFF,,,,False,19,50
0,SPE154,8:18,12:39:00,20:57:00,False,20,50
0,SPE196,8:59,10:02:00,19:01:00,False,21,50
0,SPE112,8:58,09:50:00,18:48:00,False,22,50
0,SPE174,7:48,16:15:00,00:03:00,False,23,50
0,SPE174,7:48,16:15:00,00:03:00,False,24,50
0,SPE172,7:25,15:56:00,23:21:00,False,25,50
0,SPE172,7:25,15:56:00,23:21:00,False,26,50
0,OFF,,,,False,27,50
0,OFF,,,,False,28,50
0,OFF,,,,False,1,51
0,SPE174,7:48,16:15:00,00:03:00,False,2,51
0,SPE174,7:48,16:15:00,00:03:00,False,3,51
0,SPE170,7:58,15:39:00,23:37:00,False,4,51
0,SPE170,7:58,15:39:00,23:37:00,False,5,51
0,OFF,,,,False,6,51
0,SPE211,6:00,17:12:00,23:12:00,False,7,51
0,SPE123,7:37,15:56:00,23:33:00,False,8,51
0,SPE175,9:16,16:21:00,01:37:00,False,9,51
0,SPER110,5:47,17:28:00,23:15:00,False,10,51
0,SPEX114,6:32,13:05:00,19:37:00,True,11,51
0,SPE149,7:50,11:42:00,19:32:00,False,12,51
0,OFF,,,,False,13,51
0,OFF,,,,False,14,51
0,OFF,,,,False,15,51
0,OFF,,,,False,16,51
0,EDO,,,,False,17,51
0,SPE149,7:50,11:42:00,19:32:00,False,18,51
0,SPE149,7:50,11:42:00,19:32:00,False,19,51
0,SPE163,7:02,14:50:00,21:52:00,False,20,51
0,SPE202,8:49,13:22:00,22:11:00,False,21,51
0,SPE118,8:49,13:32:00,22:21:00,False,22,51
0,SPE155,9:49,12:50:00,22:39:00,False,23,51
0,SPE176,6:00,16:21:00,22:21:00,False,24,51
0,OFF,,,,False,25,51
0,SPE167,6:17,15:26:00,21:43:00,False,26,51
0,SPE171,6:34,15:43:00,22:17:00,False,27,51
0,OFF,,,,False,28,51
0,OFF,,,,False,1,52
0,SPE179,7:29,16:30:00,23:59:00,False,2,52
0,SPE179,7:29,16:30:00,23:59:00,False,3,52
0,SPE166,7:59,15:21:00,23:20:00,False,4,52
0,SPE166,7:59,15:21:00,23:20:00,False,5,52
0,SPE166,7:59,15:21:00,23:20:00,False,6,52
0,OFF,,,,False,7,52
0,OFF,,,,False,8,52
0,SPER109,5:50,06:59:00,12:49:00,False,9,52
0,SPEX112,6:04,06:00:00,12:04:00,True,10,52
0,SPE132,7:43,05:14:00,12:57:00,False,11,52
0,SPE132,7:43,05:14:00,12:57:00,False,12,52
0,SPE132,7:43,05:14:00,12:57:00,False,13,52
0,OFF,,,,False,14,52
0,OFF,,,,False,15,52
0,SPE126,6:00,04:14:00,10:14:00,False,16,52
0,SPE126,6:00,04:14:00,10:14:00,False,17,52
0,SPE126,6:00,04:14:00,10:14:00,False,18,52
0,OFF,,,,False,19,52
0,SPE144,7:25,06:26:00,13:51:00,False,20,52
0,SPE184,4:23,06:13:00,10:36:00,False,21,52
0,SPE102,6:32,06:19:00,12:51:00,False,22,52
0,SPE132,7:43,05:14:00,12:57:00,False,23,52
0,SPE132,7:43,05:14:00,12:57:00,False,24,52
0,SPE135,6:00,05:31:00,11:31:00,False,25,52
0,EDO,,,,False,26,52
0,OFF,,,,False,27,52
0,OFF,,,,False,28,52
0,OFF,,,,False,1,53
0,OFF,,,,False,2,53
0,SPE177,6:06,16:23:00,22:29:00,False,3,53
0,SPE177,6:06,16:23:00,22:29:00,False,4,53
0,SPE158,9:09,13:16:00,22:25:00,False,5,53
0,SPE158,9:09,13:16:00,22:25:00,False,6,53
0,SPE201,6:00,12:58:00,18:58:00,False,7,53
0,SPER103,5:44,18:02:00,23:46:00,False,8,53
0,SPEX114,6:32,13:05:00,19:37:00,True,9,53
0,OFF,,,,False,10,53
0,SPE149,7:50,11:42:00,19:32:00,False,11,53
0,SPE155,9:49,12:50:00,22:39:00,False,12,53
0,SPE150,7:29,11:55:00,19:24:00,False,13,53
0,OFF,,,,False,14,53
0,OFF,,,,False,15,53
0,SPE159,6:19,13:22:00,19:41:00,False,16,53
0,SPE159,6:19,13:22:00,19:41:00,False,17,53
0,SPE158,9:09,13:16:00,22:25:00,False,18,53
0,SPE155,9:49,12:50:00,22:39:00,False,19,53
0,EDO,,,,False,20,53
0,OFF,,,,False,21,53
0,OFF,,,,False,22,53
0,SPE181,8:22,17:08:00,01:30:00,False,23,53
0,SPE180,7:42,16:35:00,00:17:00,False,24,53
0,SPE180,7:42,16:35:00,00:17:00,False,25,53
0,SPE164,7:27,15:02:00,22:29:00,False,26,53
0,SPE164,7:27,15:02:00,22:29:00,False,27,53
0,OFF,,,,False,28,53
0,OFF,,,,False,1,54
0,SPE135,6:00,05:31:00,11:31:00,False,2,54
0,SPE135,6:00,05:31:00,11:31:00,False,3,54
0,OFF,,,,False,4,54
0,SPE146,9:38,06:37:00,16:15:00,False,5,54
0,SPE147,6:36,06:42:00,13:18:00,False,6,54
0,SPE190,9:50,06:42:00,16:32:00,False,7,54
0,SPER101,5:50,06:59:00,12:49:00,False,8,54
0,SPEX112,6:04,06:00:00,12:04:00,True,9,54
0,AV,8:00,05:00:00,13:00:00,False,10,54
0,OFF,,,,False,11,54
0,OFF,,,,False,12,54
0,SPE144,7:25,06:26:00,13:51:00,False,13,54
0,SPE190,9:50,06:42:00,16:32:00,False,14,54
0,SPE109,:26,08:32:00,14:58:00,False,15,54
0,SPE142,7:14,06:19:00,13:33:00,False,16,54
0,SPE142,7:14,06:19:00,13:33:00,False,17,54
0,OFF,,,,False,18,54
0,SPE132,7:43,05:14:00,12:57:00,False,19,54
0,SPE132,7:43,05:14:00,12:57:00,False,20,54
0,OFF,,,,False,21,54
0,OFF,,,,False,22,54
0,OFF,,,,False,23,54
0,EDO,,,,False,24,54
0,SPE129,6:00,04:52:00,10:52:00,False,25,54
0,SPE137,8:34,05:44:00,14:18:00,False,26,54
0,SPE137,8:34,05:44:00,14:18:00,False,27,54
0,SPE192,8:01,07:17:00,15:18:00,False,28,54
0,SPE106,9:48,07:16:00,17:04:00,False,1,55
0,OFF,,,,False,2,55
0,OFF,,,,False,3,55
0,SPE180,7:42,16:35:00,00:17:00,False,4,55
0,SPE175,9:16,16:21:00,01:37:00,False,5,55
0,SPE175,9:16,16:21:00,01:37:00,False,6,55
0,SPER118,5:44,18:02:00,23:46:00,False,7,55
0,SPEX107,5:42,16:06:00,21:48:00,True,8,55
0,SPE165,6:22,15:21:00,21:43:00,False,9,55
0,SPE165,6:22,15:21:00,21:43:00,False,10,55
0,OFF,,,,False,11,55
0,SPE156,7:38,13:02:00,20:40:00,False,12,55
0,SPE156,7:38,13:02:00,20:40:00,False,13,55
0,OFF,,,,False,14,55
0,OFF,,,,False,15,55
0,EDO,,,,False,16,55
0,SPE146,9:38,06:37:00,16:15:00,False,17,55
0,SPE155,9:49,12:50:00,22:39:00,False,18,55
0,SPE171,6:34,15:43:00,22:17:00,False,19,55
0,SPE171,6:34,15:43:00,22:17:00,False,20,55
0,OFF,,,,False,21,55
0,OFF,,,,False,22,55
0,SPE171,6:34,15:43:00,22:17:00,False,23,55
0,SPE171,6:34,15:43:00,22:17:00,False,24,55
0,OFF,,,,False,25,55
0,SPE181,8:22,17:08:00,01:30:00,False,26,55
0,SPE181,8:22,17:08:00,01:30:00,False,27,55
0,SPE210,6:00,17:02:00,23:02:00,False,28,55
0,SPE124,8:30,16:02:00,00:32:00,False,1,56
0,SPE177,6:06,16:23:00,22:29:00,False,2,56
0,OFF,,,,False,3,56
0,OFF,,,,False,4,56
0,EDO,,,,False,5,56
0,SPER109,5:50,06:59:00,12:49:00,False,6,56
0,SPEX119,6:06,06:00:00,12:06:00,True,7,56
0,OFF,,,,False,8,56
0,SPE146,9:38,06:37:00,16:15:00,False,9,56
0,SPE145,9:32,06:31:00,16:03:00,False,10,56
0,SPE144,7:25,06:26:00,13:51:00,False,11,56
0,SPE140,6:00,05:57:00,11:57:00,False,12,56
0,SPE140,6:00,05:57:00,11:57:00,False,13,56
0,OFF,,,,False,14,56
0,OFF,,,,False,15,56
0,SPE127,6:06,04:39:00,10:45:00,False,16,56
0,SPE127,6:06,04:39:00,10:45:00,False,17,56
0,SPE127,6:06,04:39:00,10:45:00,False,18,56
0,SPE128,8:23,04:52:00,13:15:00,False,19,56
0,SPE128,8:23,04:52:00,13:15:00,False,20,56
0,OFF,,,,False,21,56
0,OFF,,,,False,22,56
0,SPE135,6:00,05:31:00,11:31:00,False,23,56
0,SPE135,6:00,05:31:00,11:31:00,False,24,56
0,OFF,,,,False,25,56
0,SPE135,6:00,05:31:00,11:31:00,False,26,56
0,SPE135,6:00,05:31:00,11:31:00,False,27,56
0,SPE191,8:58,06:55:00,15:53:00,False,28,56
0,SPE109,6:26,08:32:00,14:58:00,False,1,57
0,SPE132,7:43,05:14:00,12:57:00,False,2,57
0,SPE132,7:43,05:14:00,12:57:00,False,3,57
0,OFF,,,,False,4,57
0,SPER108,6:11,06:54:00,13:05:00,False,5,57
0,SPEX111,6:04,06:00:00,12:04:00,True,6,57
0,OFF,,,,False,7,57
0,OFF,,,,False,8,57
0,OFF,,,,False,9,57
0,EDO,,,,False,10,57
0,SPE175,9:16,16:21:00,01:37:00,False,11,57
0,SPE173,8:45,16:12:00,00:57:00,False,12,57
0,SPE173,8:45,16:12:00,00:57:00,False,13,57
0,SPE206,7:12,15:50:00,23:02:00,False,14,57
0,SPE122,:19,14:53:00,23:12:00,False,15,57
0,SPE177,6:06,16:23:00,22:29:00,False,16,57
0,SPE177,6:06,16:23:00,22:29:00,False,17,57
0,OFF,,,,False,18,57
0,SPE177,6:06,16:23:00,22:29:00,False,19,57
0,SPE177,6:06,16:23:00,22:29:00,False,20,57
0,OFF,,,,False,21,57
0,OFF,,,,False,22,57
0,SPE173,8:45,16:12:00,00:57:00,False,23,57
0,SPE173,8:45,16:12:00,00:57:00,False,24,57
0,SPE170,7:58,15:39:00,23:37:00,False,25,57
0,OFF,,,,False,26,57
0,SPE153,8:55,12:32:00,21:27:00,False,27,57
0,SPE200,6:52,12:32:00,19:24:00,False,28,57
0,AV,8:00,11:00:00,19:00:00,False,1,58
0,SPE178,7:42,16:27:00,01:20:00,False,2,58
0,SPE178,7:42,16:27:00,01:20:00,False,3,58
0,SPER110,5:47,17:28:00,23:15:00,False,4,58
0,SPEX114,6:32,13:05:00,19:37:00,True,5,58
0,OFF,,,,False,6,58
0,OFF,,,,False,7,58
0,OFF,,,,False,8,58
0,OFF,,,,False,9,58
0,EDO,,,,False,10,58
0,SPE146,9:38,06:37:00,16:15:00,False,11,58
0,SPE141,8:06,06:07:00,14:13:00,False,12,58
0,SPE149,7:50,11:42:00,19:32:00,False,13,58
0,AV,8:00,15:00:00,23:00:00,False,14,58
0,AV,8:00,15:00:00,23:00:00,False,15,58
0,SPE165,6:22,15:21:00,21:43:00,False,16,58
0,OFF,,,,False,17,58
0,SPE170,7:58,15:39:00,23:37:00,False,18,58
0,SPE170,7:58,15:39:00,23:37:00,False,19,58
0,SPE170,7:58,15:39:00,23:37:00,False,20,58
0,OFF,,,,False,21,58
0,OFF,,,,False,22,58
0,SPE163,7:02,14:50:00,21:52:00,False,23,58
0,SPE163,7:02,14:50:00,21:52:00,False,24,58
0,OFF,,,,False,25,58
0,SPE148,9:23,11:24:00,20:47:00,False,26,58
0,SPE157,6:00,13:15:00,19:15:00,False,27,58
0,SPE203,7:28,13:50:00,21:18:00,False,28,58
0,SPE123,7:37,15:56:00,23:33:00,False,1,59
0,SPE175,9:16,16:21:00,01:37:00,False,2,59
0,SPER110,5:47,17:28:00,23:15:00,False,3,59
0,SPEX114,6:32,13:05:00,19:37:00,True,4,59
0,EDO,,,,False,5,59
0,OFF,,,,False,6,59
0,OFF,,,,False,7,59
0,OFF,,,,False,8,59
0,OFF,,,,False,9,59
0,SPE140,6:00,05:57:00,11:57:00,False,10,59
0,SPE140,6:00,05:57:00,11:57:00,False,11,59
0,SPE126,6:00,04:14:00,10:14:00,False,12,59
0,SPE126,6:00,04:14:00,10:14:00,False,13,59
0,SPE183,9:49,06:09:00,15:58:00,False,14,59
0,SPE100,:02,06:09:00,14:11:00,False,15,59
0,SPE129,6:00,04:52:00,10:52:00,False,16,59
0,OFF,,,,False,17,59
0,SPE134,6:47,05:31:00,12:18:00,False,18,59
0,SPE134,6:47,05:31:00,12:18:00,False,19,59
0,SPE134,6:47,05:31:00,12:18:00,False,20,59
0,OFF,,,,False,21,59
0,OFF,,,,False,22,59
0,SPE138,7:54,05:51:00,13:45:00,False,23,59
0,SPE153,8:55,12:32:00,21:27:00,False,24,59
0,SPE153,8:55,12:32:00,21:27:00,False,25,59
0,SPE162,7:31,14:22:00,21:53:00,False,26,59
0,SPE162,7:31,14:22:00,21:53:00,False,27,59
0,OFF,,,,False,28,59
0,OFF,,,,False,1,60
0,SPER109,5:50,06:59:00,12:49:00,False,2,60
0,SPEX112,6:04,06:00:00,12:04:00,True,3,60
0,SPE129,6:00,04:52:00,10:52:00,False,4,60
0,OFF,,,,False,5,60
0,SPE135,6:00,05:31:00,11:31:00,False,6,60
0,SPE191,8:58,06:55:00,15:53:00,False,7,60
0,SPE113,6:00,10:32:00,16:32:00,False,8,60
0,SPE151,7:13,11:56:00,19:09:00,False,9,60
0,SPE148,9:23,11:24:00,20:47:00,False,10,60
0,SPE148,9:23,11:24:00,20:47:00,False,11,60
0,EDO,,,,False,12,60
0,OFF,,,,False,13,60
0,OFF,,,,False,14,60
0,OFF,,,,False,15,60
0,OFF,,,,False,16,60
0,SPE133,6:00,05:17:00,11:17:00,False,17,60
0,SPE133,6:00,05:17:00,11:17:00,False,18,60
0,SPE143,9:08,06:21:00,15:29:00,False,19,60
0,SPE143,9:08,06:21:00,15:29:00,False,20,60
0,SPE195,9:40,09:32:00,19:12:00,False,21,60
0,SPE110,7:18,08:35:00,15:53:00,False,22,60
0,OFF,,,,False,23,60
0,OFF,,,,False,24,60
0,SPE132,7:43,05:14:00,12:57:00,False,25,60
0,SPE132,7:43,05:14:00,12:57:00,False,26,60
0,SPE130,6:46,04:59:00,11:45:00,False,27,60
0,SPE187,6:06,06:24:00,12:30:00,False,28,60
0,SPER101,5:50,06:59:00,12:49:00,False,1,61
0,SPEX112,6:04,06:00:00,12:04:00,True,2,61
0,OFF,,,,False,3,61
0,SPE135,6:00,05:31:00,11:31:00,False,4,61
0,AV,8:00,04:30:00,12:30:00,False,5,61
0,AV,8:00,04:30:00,12:30:00,False,6,61
0,OFF,,,,False,7,61
0,OFF,,,,False,8,61
0,SPE126,6:00,04:14:00,10:14:00,False,9,61
0,SPE126,6:00,04:14:00,10:14:00,False,10,61
0,SPE126,6:00,04:14:00,10:14:00,False,11,61
0,EDO,,,,False,12,61
0,OFF,,,,False,13,61
0,SPE195,9:40,09:32:00,19:12:00,False,14,61
0,SPE113,:00,10:32:00,16:32:00,False,15,61
0,SPE174,7:48,16:15:00,00:03:00,False,16,61
0,SPE174,7:48,16:15:00,00:03:00,False,17,61
0,SPE172,7:25,15:56:00,23:21:00,False,18,61
0,SPE172,7:25,15:56:00,23:21:00,False,19,61
0,OFF,,,,False,20,61
0,OFF,,,,False,21,61
0,OFF,,,,False,22,61
0,SPE164,7:27,15:02:00,22:29:00,False,23,61
0,SPE164,7:27,15:02:00,22:29:00,False,24,61
0,SPE158,9:09,13:16:00,22:25:00,False,25,61
0,OFF,,,,False,26,61
0,SPE175,9:16,16:21:00,01:37:00,False,27,61
0,SPE211,6:00,17:12:00,23:12:00,False,28,61
0,SPER102,5:54,17:16:00,23:10:00,False,1,62
0,SPEX113,6:00,11:56:00,17:56:00,True,2,62
0,SPE167,6:17,15:26:00,21:43:00,False,3,62
0,SPE168,8:25,15:28:00,23:53:00,False,4,62
0,SPE168,8:25,15:28:00,23:53:00,False,5,62
0,OFF,,,,False,6,62
0,OFF,,,,False,7,62
0,OFF,,,,False,8,62
0,OFF,,,,False,9,62
0,EDO,,,,False,10,62
0,SPE173,8:45,16:12:00,00:57:00,False,11,62
0,SPE178,7:42,16:27:00,01:20:00,False,12,62
0,SPE178,7:42,16:27:00,01:20:00,False,13,62
0,SPE210,6:00,17:02:00,23:02:00,False,14,62
0,SPE117,:00,13:30:00,19:30:00,False,15,62
0,SPE160,8:51,13:30:00,22:21:00,False,16,62
0,OFF,,,,False,17,62
0,AV,8:00,13:00:00,21:00:00,False,18,62
0,SPE159,6:19,13:22:00,19:41:00,False,19,62
0,SPE159,6:19,13:22:00,19:41:00,False,20,62
0,OFF,,,,False,21,62
0,OFF,,,,False,22,62
0,OFF,,,,False,23,62
0,SPE177,6:06,16:23:00,22:29:00,False,24,62
0,SPE177,6:06,16:23:00,22:29:00,False,25,62
0,SPE173,8:45,16:12:00,00:57:00,False,26,62
0,SPE173,8:45,16:12:00,00:57:00,False,27,62
0,SPER118,5:44,18:02:00,23:46:00,False,28,62
0,SPEX107,5:42,16:06:00,21:48:00,True,1,63
0,SPE167,6:17,15:26:00,21:43:00,False,2,63
0,OFF,,,,False,3,63
0,OFF,,,,False,4,63
0,SPE155,9:49,12:50:00,22:39:00,False,5,63
0,SPE153,8:55,12:32:00,21:27:00,False,6,63
0,SPE200,6:52,12:32:00,19:24:00,False,7,63
0,SPE116,8:00,12:32:00,20:32:00,False,8,63
0,SPE153,8:55,12:32:00,21:27:00,False,9,63
0,SPE159,6:19,13:22:00,19:41:00,False,10,63
0,SPE151,7:13,11:56:00,19:09:00,False,11,63
0,EDO,,,,False,12,63
0,OFF,,,,False,13,63
0,OFF,,,,False,14,63
0,OFF,,,,False,15,63
0,SPE173,8:45,16:12:00,00:57:00,False,16,63
0,SPE179,7:29,16:30:00,23:59:00,False,17,63
0,SPE179,7:29,16:30:00,23:59:00,False,18,63
0,SPE179,7:29,16:30:00,23:59:00,False,19,63
0,SPE172,7:25,15:56:00,23:21:00,False,20,63
0,OFF,,,,False,21,63
0,OFF,,,,False,22,63
0,SPE180,7:42,16:35:00,00:17:00,False,23,63
0,SPE179,7:29,16:30:00,23:59:00,False,24,63
0,SPE166,7:59,15:21:00,23:20:00,False,25,63
0,OFF,,,,False,26,63
0,SPE180,7:42,16:35:00,00:17:00,False,27,63
0,SPER117,5:54,17:16:00,23:10:00,False,28,63
0,SPEX106,5:20,11:56:00,17:16:00,True,1,64
0,SPE152,7:59,12:22:00,20:21:00,False,2,64
0,SPE152,7:59,12:22:00,20:21:00,False,3,64
0,OFF,,,,False,4,64
0,OFF,,,,False,5,64
0,SPE167,6:17,15:26:00,21:43:00,False,6,64
0,SPE199,7:24,11:24:00,18:48:00,False,7,64
0,SPE114,7:56,11:16:00,19:12:00,False,8,64
0,SPE148,9:23,11:24:00,20:47:00,False,9,64
0,SPE168,8:25,15:28:00,23:53:00,False,10,64
0,SPE168,8:25,15:28:00,23:53:00,False,11,64
0,EDO,,,,False,12,64
0,OFF,,,,False,13,64
0,OFF,,,,False,14,64
0,OFF,,,,False,15,64
0,SPE130,6:46,04:59:00,11:45:00,False,16,64
0,SPE130,6:46,04:59:00,11:45:00,False,17,64
0,OFF,,,,False,18,64
0,SPE136,7:21,05:44:00,13:05:00,False,19,64
0,SPE136,7:21,05:44:00,13:05:00,False,20,64
0,SPE191,8:58,06:55:00,15:53:00,False,21,64
0,SPE106,9:48,07:16:00,17:04:00,False,22,64
0,SPE156,7:38,13:02:00,20:40:00,False,23,64
0,SPE156,7:38,13:02:00,20:40:00,False,24,64
0,OFF,,,,False,25,64
0,OFF,,,,False,26,64
0,SPER108,6:11,06:54:00,13:05:00,False,27,64
0,SPEX120,6:06,06:00:00,12:06:00,True,28,64
0,SPE105,8:57,06:44:00,15:41:00,False,1,65
0,SPE130,6:46,04:59:00,11:45:00,False,2,65
0,SPE130,6:46,04:59:00,11:45:00,False,3,65
0,SPE130,6:46,04:59:00,11:45:00,False,4,65
0,EDO,,,,False,5,65
0,OFF,,,,False,6,65
0,OFF,,,,False,7,65
0,OFF,,,,False,8,65
0,SPE172,7:25,15:56:00,23:21:00,False,9,65
0,SPE172,7:25,15:56:00,23:21:00,False,10,65
0,SPE181,8:22,17:08:00,01:30:00,False,11,65
0,SPE174,7:48,16:15:00,00:03:00,False,12,65
0,SPE172,7:25,15:56:00,23:21:00,False,13,65
0,OFF,,,,False,14,65
0,OFF,,,,False,15,65
0,SPE170,7:58,15:39:00,23:37:00,False,16,65
0,SPE170,7:58,15:39:00,23:37:00,False,17,65
0,AV,8:00,15:00:00,23:00:00,False,18,65
0,AV,8:00,15:00:00,23:00:00,False,19,65
0,OFF,,,,False,20,65
0,SPE209,6:04,16:32:00,22:36:00,False,21,65
0,SPE122,8:19,14:53:00,23:12:00,False,22,65
0,SPE165,6:22,15:21:00,21:43:00,False,23,65
0,OFF,,,,False,24,65
0,OFF,,,,False,25,65
0,SPER108,6:11,06:54:00,13:05:00,False,26,65
0,SPEX111,6:04,06:00:00,12:04:00,True,27,65
0,SPE182,7:18,06:00:00,13:18:00,False,28,65
0,SPE101,9:50,06:14:00,16:04:00,False,1,66
0,OFF,,,,False,2,66
0,SPE176,6:00,16:21:00,22:21:00,False,3,66
0,SPE176,6:00,16:21:00,22:21:00,False,4,66
0,SPE176,6:00,16:21:00,22:21:00,False,5,66
0,SPE168,8:25,15:28:00,23:53:00,False,6,66
0,OFF,,,,False,7,66
0,OFF,,,,False,8,66
0,EDO,,,,False,9,66
0,AV,8:00,15:00:00,23:00:00,False,10,66
0,SPE170,7:58,15:39:00,23:37:00,False,11,66
0,SPE168,8:25,15:28:00,23:53:00,False,12,66
0,SPE168,8:25,15:28:00,23:53:00,False,13,66
0,OFF,,,,False,14,66
0,OFF,,,,False,15,66
0,SPE133,6:00,05:17:00,11:17:00,False,16,66
0,SPE134,6:47,05:31:00,12:18:00,False,17,66
0,SPE135,6:00,05:31:00,11:31:00,False,18,66
0,SPE145,9:32,06:31:00,16:03:00,False,19,66
0,AV,8:00,06:00:00,14:00:00,False,20,66
0,OFF,,,,False,21,66
0,OFF,,,,False,22,66
0,SPE140,6:00,05:57:00,11:57:00,False,23,66
0,SPE140,6:00,05:57:00,11:57:00,False,24,66
0,SPER108,6:11,06:54:00,13:05:00,False,25,66
0,SPEX111,6:04,06:00:00,12:04:00,True,26,66
0,SPE136,7:21,05:44:00,13:05:00,False,27,66
0,OFF,,,,False,28,66
0,OFF,,,,False,1,67
0,SPE170,7:58,15:39:00,23:37:00,False,2,67
0,SPE170,7:58,15:39:00,23:37:00,False,3,67
0,OFF,,,,False,4,67
0,AV,8:00,15:00:00,23:00:00,False,5,67
0,AV,8:00,15:00:00,23:00:00,False,6,67
0,SPE208,6:00,16:31:00,22:31:00,False,7,67
0,SPE119,8:58,14:32:00,23:30:00,False,8,67
0,AV,8:00,15:00:00,23:00:00,False,9,67
0,EDO,,,,False,10,67
0,OFF,,,,False,11,67
0,AV,8:00,06:00:00,14:00:00,False,12,67
0,SPE129,6:00,04:52:00,10:52:00,False,13,67
0,OFF,,,,False,14,67
0,OFF,,,,False,15,67
0,SPE138,7:54,05:51:00,13:45:00,False,16,67
0,SPE138,7:54,05:51:00,13:45:00,False,17,67
0,AV,8:00,05:00:00,13:00:00,False,18,67
0,SPE144,7:25,06:26:00,13:51:00,False,19,67
0,SPE145,9:32,06:31:00,16:03:00,False,20,67
0,OFF,,,,False,21,67
0,OFF,,,,False,22,67
0,SPE127,6:06,04:39:00,10:45:00,False,23,67
0,SPER108,6:11,06:54:00,13:05:00,False,24,67
0,SPEX111,6:04,06:00:00,12:04:00,True,25,67
0,OFF,,,,False,26,67
0,AV,8:00,16:00:00,00:00:00,False,27,67
0,SPE209,6:04,16:32:00,22:36:00,False,28,67
0,SPE120,7:39,14:42:00,22:21:00,False,1,68
0,SPE180,7:42,16:35:00,00:17:00,False,2,68
0,SPE180,7:42,16:35:00,00:17:00,False,3,68
0,AV,8:00,15:00:00,23:00:00,False,4,68
0,EDO,,,,False,5,68
0,OFF,,,,False,6,68
0,OFF,,,,False,7,68
0,OFF,,,,False,8,68
0,SPE141,8:06,06:07:00,14:13:00,False,9,68
0,SPE141,8:06,06:07:00,14:13:00,False,10,68
0,SPE141,8:06,06:07:00,14:13:00,False,11,68
0,OFF,,,,False,12,68
0,SPE138,7:54,05:51:00,13:45:00,False,13,68
0,SPE189,6:00,06:32:00,12:32:00,False,14,68
0,SPE106,:48,07:16:00,17:04:00,False,15,68
0,AV,8:00,13:00:00,21:00:00,False,16,68
0,AV,8:00,13:00:00,21:00:00,False,17,68
0,OFF,,,,False,18,68
0,OFF,,,,False,19,68
0,AV,8:00,13:00:00,21:00:00,False,20,68
0,AV,8:00,11:00:00,19:00:00,False,21,68
0,AV,8:00,11:00:00,19:00:00,False,22,68
0,SPER110,5:47,17:28:00,23:15:00,False,23,68
0,SPEX114,6:32,13:05:00,19:37:00,True,24,68
0,OFF,,,,False,25,68
0,SPE177,6:06,16:23:00,22:29:00,False,26,68
0,SPE177,6:06,16:23:00,22:29:00,False,27,68
0,OFF,,,,False,28,68
0,OFF,,,,False,1,69
0,AV,8:00,15:00:00,23:00:00,False,2,69
0,AV,8:00,15:00:00,23:00:00,False,3,69
0,AV,8:00,15:00:00,23:00:00,False,4,69
0,AV,8:00,15:00:00,23:00:00,False,5,69
0,SPE172,7:25,15:56:00,23:21:00,False,6,69
0,OFF,,,,False,7,69
0,OFF,,,,False,8,69
0,SPE177,6:06,16:23:00,22:29:00,False,9,69
0,SPE177,6:06,16:23:00,22:29:00,False,10,69
0,AV,8:00,15:00:00,23:00:00,False,11,69
0,SPE166,7:59,15:21:00,23:20:00,False,12,69
0,SPE166,7:59,15:21:00,23:20:00,False,13,69
0,OFF,,,,False,14,69
0,OFF,,,,False,15,69
0,AV,8:00,05:00:00,13:00:00,False,16,69
0,AV,8:00,05:00:00,13:00:00,False,17,69
0,AV,8:00,04:30:00,12:30:00,False,18,69
0,AV,8:00,04:30:00,12:30:00,False,19,69
0,OFF,,,,False,20,69
0,SPE185,9:50,06:14:00,16:04:00,False,21,69
0,SPER101,5:50,06:59:00,12:49:00,False,22,69
0,SPEX112,6:04,06:00:00,12:04:00,True,23,69
0,OFF,,,,False,24,69
0,SPE136,7:21,05:44:00,13:05:00,False,25,69
0,AV,8:00,06:00:00,14:00:00,False,26,69
0,EDO,,,,False,27,69
0,OFF,,,,False,28,69
0,OFF,,,,False,1,70
0,AV,8:00,16:00:00,00:00:00,False,2,70
0,AV,8:00,16:00:00,00:00:00,False,3,70
0,AV,8:00,16:00:00,00:00:00,False,4,70
0,AV,8:00,16:00:00,00:00:00,False,5,70
0,SPE176,6:00,16:21:00,22:21:00,False,6,70
0,OFF,,,,False,7,70
0,OFF,,,,False,8,70
0,SPE166,7:59,15:21:00,23:20:00,False,9,70
0,AV,8:00,16:00:00,00:00:00,False,10,70
0,AV,8:00,16:00:00,00:00:00,False,11,70
0,SPE172,7:25,15:56:00,23:21:00,False,12,70
0,SPE157,6:00,13:15:00,19:15:00,False,13,70
0,OFF,,,,False,14,70
0,OFF,,,,False,15,70
0,AV,8:00,15:00:00,23:00:00,False,16,70
0,SPE157,6:00,13:15:00,19:15:00,False,17,70
0,OFF,,,,False,18,70
0,SPE178,7:42,16:27:00,01:20:00,False,19,70
0,SPE178,7:42,16:27:00,01:20:00,False,20,70
0,SPE208,6:00,16:31:00,22:31:00,False,21,70
0,SPER102,5:54,17:16:00,23:10:00,False,22,70
0,SPEX113,6:00,11:56:00,17:56:00,True,23,70
0,AV,8:00,15:00:00,23:00:00,False,24,70
0,AV,8:00,15:00:00,23:00:00,False,25,70
0,EDO,,,,False,26,70
0,OFF,,,,False,27,70
0,OFF,,,,False,28,70
0,OFF,,,,False,1,71
0,OFF,,,,False,2,71
0,EDO,,,,False,3,71
0,SPE136,7:21,05:44:00,13:05:00,False,4,71
0,AV,8:00,06:00:00,14:00:00,False,5,71
0,SPER108,6:11,06:54:00,13:05:00,False,6,71
0,SPEX120,6:06,06:00:00,12:06:00,True,7,71
0,SPE106,9:48,07:16:00,17:04:00,False,8,71
0,SPE149,7:50,11:42:00,19:32:00,False,9,71
0,SPE149,7:50,11:42:00,19:32:00,False,10,71
0,OFF,,,,False,11,71
0,AV,8:00,15:00:00,23:00:00,False,12,71
0,AV,8:00,15:00:00,23:00:00,False,13,71
0,OFF,,,,False,14,71
0,OFF,,,,False,15,71
0,OFF,,,,False,16,71
0,AV,8:00,15:00:00,23:00:00,False,17,71
0,SPE174,7:48,16:15:00,00:03:00,False,18,71
0,SPE174,7:48,16:15:00,00:03:00,False,19,71
0,SPE174,7:48,16:15:00,00:03:00,False,20,71
0,SPER117,5:54,17:16:00,23:10:00,False,21,71
0,SPEX106,5:20,11:56:00,17:16:00,True,22,71
0,AV,8:00,13:00:00,21:00:00,False,23,71
0,OFF,,,,False,24,71
0,SPE168,8:25,15:28:00,23:53:00,False,25,71
0,SPE168,8:25,15:28:00,23:53:00,False,26,71
0,AV,8:00,13:00:00,21:00:00,False,27,71
0,OFF,,,,False,28,71
0,OFF,,,,False,1,72
0,SPE171,6:34,15:43:00,22:17:00,False,2,72
0,SPE171,6:34,15:43:00,22:17:00,False,3,72
0,OFF,,,,False,4,72
0,SPER110,5:47,17:28:00,23:15:00,False,5,72
0,SPEX114,6:32,13:05:00,19:37:00,True,6,72
0,SPE196,8:59,10:02:00,19:01:00,False,7,72
0,SPE112,8:58,09:50:00,18:48:00,False,8,72
0,SPE154,8:18,12:39:00,20:57:00,False,9,72
0,AV,8:00,13:00:00,21:00:00,False,10,72
0,AV,8:00,15:00:00,23:00:00,False,11,72
0,EDO,,,,False,12,72
0,OFF,,,,False,13,72
0,OFF,,,,False,14,72
0,OFF,,,,False,15,72
0,OFF,,,,False,16,72
0,SPE181,8:22,17:08:00,01:30:00,False,17,72
0,SPE180,7:42,16:35:00,00:17:00,False,18,72
0,SPE180,7:42,16:35:00,00:17:00,False,19,72
0,SPER110,5:47,17:28:00,23:15:00,False,20,72
0,SPEX121,5:40,13:05:00,18:45:00,True,21,72
0,OFF,,,,False,22,72
0,AV,8:00,15:00:00,23:00:00,False,23,72
0,AV,8:00,15:00:00,23:00:00,False,24,72
0,AV,8:00,15:00:00,23:00:00,False,25,72
0,AV,8:00,15:00:00,23:00:00,False,26,72
0,OFF,,,,False,27,72
0,AV,8:00,11:00:00,19:00:00,False,28,72
0,SPE114,7:56,11:16:00,19:12:00,False,1,73
0,SPE149,7:50,11:42:00,19:32:00,False,2,73
0,SPE149,7:50,11:42:00,19:32:00,False,3,73
0,SPE158,9:09,13:16:00,22:25:00,False,4,73
0,OFF,,,,False,5,73
0,EDO,,,,False,6,73
0,OFF,,,,False,7,73
0,OFF,,,,False,8,73
0,SPE176,6:00,16:21:00,22:21:00,False,9,73
0,SPE176,6:00,16:21:00,22:21:00,False,10,73
0,AV,8:00,13:00:00,21:00:00,False,11,73
0,AV,8:00,13:00:00,21:00:00,False,12,73
0,AV,8:00,13:00:00,21:00:00,False,13,73
0,OFF,,,,False,14,73
0,OFF,,,,False,15,73
0,SPE135,6:00,05:31:00,11:31:00,False,16,73
0,SPE135,6:00,05:31:00,11:31:00,False,17,73
0,OFF,,,,False,18,73
0,SPER108,6:11,06:54:00,13:05:00,False,19,73
0,SPEX111,6:04,06:00:00,12:04:00,True,20,73
0,SPE189,6:00,06:32:00,12:32:00,False,21,73
0,SPE111,9:06,08:45:00,17:51:00,False,22,73
0,OFF,,,,False,23,73
0,SPE158,9:09,13:16:00,22:25:00,False,24,73
0,SPE178,7:42,16:27:00,01:20:00,False,25,73
0,AV,8:00,16:00:00,00:00:00,False,26,73
0,AV,8:00,15:00:00,23:00:00,False,27,73
0,OFF,,,,False,28,73
0,OFF,,,,False,1,74
0,SPE168,8:25,15:28:00,23:53:00,False,2,74
0,SPE168,8:25,15:28:00,23:53:00,False,3,74
0,EDO,,,,False,4,74
0,OFF,,,,False,5,74
0,SPE181,8:22,17:08:00,01:30:00,False,6,74
0,SPE210,6:00,17:02:00,23:02:00,False,7,74
0,SPE120,7:39,14:42:00,22:21:00,False,8,74
0,AV,8:00,13:00:00,21:00:00,False,9,74
0,AV,8:00,11:00:00,19:00:00,False,10,74
0,OFF,,,,False,11,74
0,SPE164,7:27,15:02:00,22:29:00,False,12,74
0,SPE164,7:27,15:02:00,22:29:00,False,13,74
0,OFF,,,,False,14,74
0,OFF,,,,False,15,74
0,SPE147,6:36,06:42:00,13:18:00,False,16,74
0,SPE147,6:36,06:42:00,13:18:00,False,17,74
0,SPER108,6:11,06:54:00,13:05:00,False,18,74
0,SPEX111,6:04,06:00:00,12:04:00,True,19,74
0,AV,8:00,04:30:00,12:30:00,False,20,74
0,OFF,,,,False,21,74
0,OFF,,,,False,22,74
0,OFF,,,,False,23,74
0,SPE160,8:51,13:30:00,22:21:00,False,24,74
0,SPE173,8:45,16:12:00,00:57:00,False,25,74
0,SPE170,7:58,15:39:00,23:37:00,False,26,74
0,SPE170,7:58,15:39:00,23:37:00,False,27,74
0,AV,8:00,15:00:00,23:00:00,False,28,74
0,AV,8:00,15:00:00,23:00:00,False,1,75
0,AV,8:00,15:00:00,23:00:00,False,2,75
0,OFF,,,,False,3,75
0,OFF,,,,False,4,75
0,EDO,,,,False,5,75
0,AV,8:00,16:00:00,00:00:00,False,6,75
0,AV,8:00,15:00:00,23:00:00,False,7,75
0,AV,8:00,15:00:00,23:00:00,False,8,75
0,AV,8:00,16:00:00,00:00:00,False,9,75
0,OFF,,,,False,10,75
0,SPE177,6:06,16:23:00,22:29:00,False,11,75
0,SPE169,6:01,15:32:00,21:33:00,False,12,75
0,SPE179,7:29,16:30:00,23:59:00,False,13,75
0,OFF,,,,False,14,75
0,OFF,,,,False,15,75
0,SPE181,8:22,17:08:00,01:30:00,False,16,75
0,SPER110,5:47,17:28:00,23:15:00,False,17,75
0,SPEX114,6:32,13:05:00,19:37:00,True,18,75
0,AV,8:00,11:00:00,19:00:00,False,19,75
0,AV,8:00,11:00:00,19:00:00,False,20,75
0,OFF,,,,False,21,75
0,OFF,,,,False,22,75
0,OFF,,,,False,23,75
0,AV,8:00,04:30:00,12:30:00,False,24,75
0,AV,8:00,04:30:00,12:30:00,False,25,75
0,SPE126,6:00,04:14:00,10:14:00,False,26,75
0,SPE126,6:00,04:14:00,10:14:00,False,27,75
0,SPE190,9:50,06:42:00,16:32:00,False,28,75
0,SPE111,9:06,08:45:00,17:51:00,False,1,76
0,OFF,,,,False,2,76
0,OFF,,,,False,3,76
0,SPE126,6:00,04:14:00,10:14:00,False,4,76
0,SPE126,6:00,04:14:00,10:14:00,False,5,76
0,SPE129,6:00,04:52:00,10:52:00,False,6,76
0,AV,8:00,11:00:00,19:00:00,False,7,76
0,AV,8:00,11:00:00,19:00:00,False,8,76
0,AV,8:00,11:00:00,19:00:00,False,9,76
0,OFF,,,,False,10,76
0,AV,8:00,11:00:00,19:00:00,False,11,76
0,AV,8:00,11:00:00,19:00:00,False,12,76
0,SPE165,6:22,15:21:00,21:43:00,False,13,76
0,OFF,,,,False,14,76
0,OFF,,,,False,15,76
0,SPER110,5:47,17:28:00,23:15:00,False,16,76
0,SPEX114,6:32,13:05:00,19:37:00,True,17,76
0,AV,8:00,11:00:00,19:00:00,False,18,76
0,OFF,,,,False,19,76
0,AV,8:00,16:00:00,00:00:00,False,20,76
0,AV,8:00,15:00:00,23:00:00,False,21,76
0,AV,8:00,15:00:00,23:00:00,False,22,76
0,AV,8:00,15:00:00,23:00:00,False,23,76
0,OFF,,,,False,24,76
0,EDO,,,,False,25,76
0,OFF,,,,False,26,76
0,AV,8:00,06:00:00,14:00:00,False,27,76
0,SPE193,6:58,07:20:00,14:18:00,False,28,76
0,SPE108,6:42,07:40:00,14:22:00,False,1,77
0,SPE131,7:48,05:09:00,12:57:00,False,2,77
0,SPE131,7:48,05:09:00,12:57:00,False,3,77
0,SPER109,5:50,06:59:00,12:49:00,False,4,77
0,SPEX112,6:04,06:00:00,12:04:00,True,5,77
0,OFF,,,,False,6,77
0,OFF,,,,False,7,77
0,OFF,,,,False,8,77
0,EDO,,,,False,9,77
0,OFF,,,,False,10,77
0,SPE180,7:42,16:35:00,00:17:00,False,11,77
0,SPE180,7:42,16:35:00,00:17:00,False,12,77
0,SPE175,9:16,16:21:00,01:37:00,False,13,77
0,SPE211,6:00,17:12:00,23:12:00,False,14,77
0,SPER103,:44,18:02:00,23:46:00,False,15,77
0,SPEX114,6:32,13:05:00,19:37:00,True,16,77
0,AV,8:00,11:00:00,19:00:00,False,17,77
0,OFF,,,,False,18,77
0,OFF,,,,False,19,77
0,SPE142,7:14,06:19:00,13:33:00,False,20,77
0,SPE186,7:03,06:19:00,13:22:00,False,21,77
0,SPE100,8:02,06:09:00,14:11:00,False,22,77
0,SPE131,7:48,05:09:00,12:57:00,False,23,77
0,AV,8:00,06:00:00,14:00:00,False,24,77
0,OFF,,,,False,25,77
0,AV,8:00,05:00:00,13:00:00,False,26,77
0,AV,8:00,05:00:00,13:00:00,False,27,77
0,OFF,,,,False,28,77
0,OFF,,,,False,1,78
0,SPE136,7:21,05:44:00,13:05:00,False,2,78
0,SPE136,7:21,05:44:00,13:05:00,False,3,78
0,AV,8:00,06:00:00,14:00:00,False,4,78
0,SPE129,6:00,04:52:00,10:52:00,False,5,78
0,SPE126,6:00,04:14:00,10:14:00,False,6,78
0,OFF,,,,False,7,78
0,OFF,,,,False,8,78
0,OFF,,,,False,9,78
0,EDO,,,,False,10,78
0,AV,8:00,05:00:00,13:00:00,False,11,78
0,AV,8:00,05:00:00,13:00:00,False,12,78
0,AV,8:00,05:00:00,13:00:00,False,13,78
0,SPE188,6:30,06:28:00,12:58:00,False,14,78
0,SPER101,:50,06:59:00,12:49:00,False,15,78
0,SPEX112,6:04,06:00:00,12:04:00,True,16,78
0,SPE139,8:01,05:54:00,13:55:00,False,17,78
0,OFF,,,,False,18,78
0,AV,8:00,05:00:00,13:00:00,False,19,78
0,AV,8:00,05:00:00,13:00:00,False,20,78
0,OFF,,,,False,21,78
0,OFF,,,,False,22,78
0,AV,8:00,16:00:00,00:00:00,False,23,78
0,AV,8:00,16:00:00,00:00:00,False,24,78
0,AV,8:00,16:00:00,00:00:00,False,25,78
0,AV,8:00,15:00:00,23:00:00,False,26,78
0,AV,8:00,15:00:00,23:00:00,False,27,78
0,OFF,,,,False,28,78
0,OFF,,,,False,1,79
0,AV,8:00,13:00:00,21:00:00,False,2,79
0,AV,8:00,13:00:00,21:00:00,False,3,79
0,AV,8:00,13:00:00,21:00:00,False,4,79
0,AV,8:00,13:00:00,21:00:00,False,5,79
0,AV,8:00,13:00:00,21:00:00,False,6,79
0,OFF,,,,False,7,79
0,OFF,,,,False,8,79
0,SPE144,7:25,06:26:00,13:51:00,False,9,79
0,AV,8:00,05:00:00,13:00:00,False,10,79
0,OFF,,,,False,11,79
0,SPE130,6:46,04:59:00,11:45:00,False,12,79
0,SPE130,6:46,04:59:00,11:45:00,False,13,79
0,SPER116,5:55,06:54:00,12:49:00,False,14,79
0,SPEX105,:06,06:00:00,12:06:00,True,15,79
0,OFF,,,,False,16,79
0,AV,8:00,06:00:00,14:00:00,False,17,79
0,AV,8:00,06:00:00,14:00:00,False,18,79
0,AV,8:00,06:00:00,14:00:00,False,19,79
0,OFF,,,,False,20,79
0,AV,8:00,06:00:00,14:00:00,False,21,79
0,AV,8:00,06:00:00,14:00:00,False,22,79
0,AV,8:00,04:30:00,12:30:00,False,23,79
0,EDO,,,,False,24,79
0,OFF,,,,False,25,79
0,SPE133,6:00,05:17:00,11:17:00,False,26,79
0,SPE133,6:00,05:17:00,11:17:00,False,27,79
0,OFF,,,,False,28,79
0,OFF,,,,False,1,80
0,AV,8:00,11:00:00,19:00:00,False,2,80
0,AV,8:00,11:00:00,19:00:00,False,3,80
0,AV,8:00,11:00:00,19:00:00,False,4,80
0,AV,8:00,11:00:00,19:00:00,False,5,80
0,AV,8:00,13:00:00,21:00:00,False,6,80
0,OFF,,,,False,7,80
0,OFF,,,,False,8,80
0,AV,8:00,05:00:00,13:00:00,False,9,80
0,AV,8:00,06:00:00,14:00:00,False,10,80
0,OFF,,,,False,11,80
0,SPE139,8:01,05:54:00,13:55:00,False,12,80
0,SPER109,5:50,06:59:00,12:49:00,False,13,80
0,SPEX119,6:06,06:00:00,12:06:00,True,14,80
0,AV,8:00,06:00:00,14:00:00,False,15,80
0,AV,8:00,04:30:00,12:30:00,False,16,80
0,AV,8:00,04:30:00,12:30:00,False,17,80
0,OFF,,,,False,18,80
0,SPE133,6:00,05:17:00,11:17:00,False,19,80
0,SPE133,6:00,05:17:00,11:17:00,False,20,80
0,OFF,,,,False,21,80
0,OFF,,,,False,22,80
0,AV,8:00,05:00:00,13:00:00,False,23,80
0,AV,8:00,05:00:00,13:00:00,False,24,80
0,AV,8:00,05:00:00,13:00:00,False,25,80
0,AV,8:00,04:30:00,12:30:00,False,26,80
0,EDO,,,,False,27,80
0,OFF,,,,False,28,80
0,OFF,,,,False,1,81
0,AV,8:00,05:00:00,13:00:00,False,2,81
0,AV,8:00,05:00:00,13:00:00,False,3,81
0,AV,8:00,05:00:00,13:00:00,False,4,81
0,SPE133,6:00,05:17:00,11:17:00,False,5,81
0,AV,8:00,11:00:00,19:00:00,False,6,81
0,OFF,,,,False,7,81
0,OFF,,,,False,8,81
0,AV,8:00,04:30:00,12:30:00,False,9,81
0,AV,8:00,04:30:00,12:30:00,False,10,81
0,OFF,,,,False,11,81
0,SPER109,5:50,06:59:00,12:49:00,False,12,81
0,SPEX112,6:04,06:00:00,12:04:00,True,13,81
0,SPE193,6:58,07:20:00,14:18:00,False,14,81
0,SPE107,:58,07:20:00,14:18:00,False,15,81
0,SPE134,6:47,05:31:00,12:18:00,False,16,81
0,SPE143,9:08,06:21:00,15:29:00,False,17,81
0,OFF,,,,False,18,81
0,AV,8:00,15:00:00,23:00:00,False,19,81
0,AV,8:00,15:00:00,23:00:00,False,20,81
0,OFF,,,,False,21,81
0,OFF,,,,False,22,81
0,EDO,,,,False,23,81
0,AV,8:00,13:00:00,21:00:00,False,24,81
0,AV,8:00,13:00:00,21:00:00,False,25,81
0,AV,8:00,13:00:00,21:00:00,False,26,81
0,AV,8:00,13:00:00,21:00:00,False,27,81
0,OFF,,,,False,28,81
0,OFF,,,,False,1,82
0,AV,8:00,06:00:00,14:00:00,False,2,82
0,AV,8:00,06:00:00,14:00:00,False,3,82
0,OFF,,,,False,4,82
0,AV,8:00,05:00:00,13:00:00,False,5,82
0,AV,8:00,05:00:00,13:00:00,False,6,82
0,AV,8:00,06:00:00,14:00:00,False,7,82
0,AV,8:00,06:00:00,14:00:00,False,8,82
0,EDO,,,,False,9,82
0,OFF,,,,False,10,82
0,SPER109,5:50,06:59:00,12:49:00,False,11,82
0,SPEX112,6:04,06:00:00,12:04:00,True,12,82
0,AV,8:00,06:00:00,14:00:00,False,13,82
0,OFF,,,,False,14,82
0,OFF,,,,False,15,82
0,AV,8:00,16:00:00,00:00:00,False,16,82
0,AV,8:00,16:00:00,00:00:00,False,17,82
0,AV,8:00,16:00:00,00:00:00,False,18,82
0,AV,8:00,16:00:00,00:00:00,False,19,82
0,AV,8:00,15:00:00,23:00:00,False,20,82
0,OFF,,,,False,21,82
0,OFF,,,,False,22,82
0,SPE133,6:00,05:17:00,11:17:00,False,23,82
0,SPE133,6:00,05:17:00,11:17:00,False,24,82
0,AV,8:00,06:00:00,14:00:00,False,25,82
0,OFF,,,,False,26,82
0,AV,8:00,04:30:00,12:30:00,False,27,82
0,AV,8:00,06:00:00,14:00:00,False,28,82
0,AV,8:00,06:00:00,14:00:00,False,1,83
0,AV,8:00,04:30:00,12:30:00,False,2,83
0,AV,8:00,04:30:00,12:30:00,False,3,83
0,AV,8:00,04:30:00,12:30:00,False,4,83
0,EDO,,,,False,5,83
0,OFF,,,,False,6,83
0,OFF,,,,False,7,83
0,OFF,,,,False,8,83
0,OFF,,,,False,9,83
0,SPER108,6:11,06:54:00,13:05:00,False,10,83
0,SPEX111,6:04,06:00:00,12:04:00,True,11,83
0,AV,8:00,04:30:00,12:30:00,False,12,83
0,AV,8:00,04:30:00,12:30:00,False,13,83
0,AV,8:00,06:00:00,14:00:00,False,14,83
0,AV,8:00,11:00:00,19:00:00,False,15,83
0,SPE176,6:00,16:21:00,22:21:00,False,16,83
0,OFF,,,,False,17,83
0,SPE157,6:00,13:15:00,19:15:00,False,18,83
0,AV,8:00,13:00:00,21:00:00,False,19,83
0,AV,8:00,13:00:00,21:00:00,False,20,83
0,OFF,,,,False,21,83
0,OFF,,,,False,22,83
0,AV,8:00,11:00:00,19:00:00,False,23,83
0,AV,8:00,11:00:00,19:00:00,False,24,83
0,AV,8:00,11:00:00,19:00:00,False,25,83
0,AV,8:00,11:00:00,19:00:00,False,26,83
0,AV,8:00,11:00:00,19:00:00,False,27,83
0,OFF,,,,False,28,83
